This is pdfTeX, Version 3.141592653-2.6-1.40.27 (MiKTeX 25.4) (preloaded format=pdflatex 2025.12.16)  6 JAN 2026 13:19
entering extended mode
 restricted \write18 enabled.
 file:line:error style messages enabled.
 %&-line parsing enabled.
**"./Warmte en stromingen Samenvatting Ruben Ryckaert.tex"
(Warmte en stromingen Samenvatting Ruben Ryckaert.tex
LaTeX2e <2025-11-01>
L3 programming layer <2025-11-06>
(C:\Program Files\MiKTeX\tex/latex/base\report.cls
Document Class: report 2025/01/22 v1.4n Standard LaTeX document class
(C:\Program Files\MiKTeX\tex/latex/base\size11.clo
File: size11.clo 2025/01/22 v1.4n Standard LaTeX file (size option)
)
\c@part=\count275
\c@chapter=\count276
\c@section=\count277
\c@subsection=\count278
\c@subsubsection=\count279
\c@paragraph=\count280
\c@subparagraph=\count281
\c@figure=\count282
\c@table=\count283
\abovecaptionskip=\skip49
\belowcaptionskip=\skip50
\bibindent=\dimen148
) (C:\Program Files\MiKTeX\tex/generic/babel\babel.sty
Package: babel 2025/11/09 v25.15 The multilingual framework for LuaLaTeX, pdfLaTeX and XeLaTeX
\babel@savecnt=\count284
LaTeX Encoding Info:    Redeclaring text command \ij (encoding OT1) on input line 2050.
LaTeX Encoding Info:    Redeclaring text command \IJ (encoding OT1) on input line 2052.
LaTeX Encoding Info:    Redeclaring text command \ij (encoding T1) on input line 2054.
LaTeX Encoding Info:    Redeclaring text command \IJ (encoding T1) on input line 2055.
LaTeX Encoding Info:    Ignoring declaration for text command \ij (encoding ?) on input line 2056.
LaTeX Encoding Info:    Ignoring declaration for text command \IJ (encoding ?) on input line 2058.
LaTeX Encoding Info:    Ignoring declaration for text command \SS (encoding ?) on input line 2083.
\U@D=\dimen149
\l@unhyphenated=\language79
 (C:\Program Files\MiKTeX\tex/generic/babel\txtbabel.def)
\bbl@readstream=\read2
\bbl@dirlevel=\count285
Package babel Info: Configuration files are deprecated, as
(babel)             they can break document portability.
(babel)             Reported on input line 4175.

*************************************
* Local config file bblopts.cfg used
*
(C:\Program Files\MiKTeX\tex/latex/arabi\bblopts.cfg
File: bblopts.cfg 2005/09/08 v0.1 add Arabic and Farsi to "declared" options of babel
)
Package babel Info: You haven't specified a language as a class or package
(babel)             option. I'll load 'nil'. Reported on input line 4233.
Package babel Info: Importing font and identification data for nil
(babel)             from babel-und-x-nil.ini. Reported on input line 4298.
 (C:\Program Files\MiKTeX\tex/generic/babel\nil.ldf
Language: nil 2025/11/09 v25.15 Nil language
\l@nil=\language80
)) (C:\Program Files\MiKTeX\tex/latex/base\inputenc.sty
Package: inputenc 2024/02/08 v1.3d Input encoding file
\inpenc@prehook=\toks17
\inpenc@posthook=\toks18
) (C:\Program Files\MiKTeX\tex/latex/base\fontenc.sty
Package: fontenc 2025/07/18 v2.1d Standard LaTeX package
)
   defining Unicode char U+00B0 (decimal 176)
 (C:\Program Files\MiKTeX\tex/latex/amsmath\amsmath.sty
Package: amsmath 2025/07/09 v2.17z AMS math features
\@mathmargin=\skip51

For additional information on amsmath, use the `?' option.
(C:\Program Files\MiKTeX\tex/latex/amsmath\amstext.sty
Package: amstext 2024/11/17 v2.01 AMS text
 (C:\Program Files\MiKTeX\tex/latex/amsmath\amsgen.sty
File: amsgen.sty 1999/11/30 v2.0 generic functions
\@emptytoks=\toks19
\ex@=\dimen150
)) (C:\Program Files\MiKTeX\tex/latex/amsmath\amsbsy.sty
Package: amsbsy 1999/11/29 v1.2d Bold Symbols
\pmbraise@=\dimen151
) (C:\Program Files\MiKTeX\tex/latex/amsmath\amsopn.sty
Package: amsopn 2022/04/08 v2.04 operator names
)
\inf@bad=\count286
LaTeX Info: Redefining \frac on input line 233.
\uproot@=\count287
\leftroot@=\count288
LaTeX Info: Redefining \overline on input line 398.
LaTeX Info: Redefining \colon on input line 409.
\classnum@=\count289
\DOTSCASE@=\count290
LaTeX Info: Redefining \ldots on input line 495.
LaTeX Info: Redefining \dots on input line 498.
LaTeX Info: Redefining \cdots on input line 619.
\Mathstrutbox@=\box53
\strutbox@=\box54
LaTeX Info: Redefining \big on input line 721.
LaTeX Info: Redefining \Big on input line 722.
LaTeX Info: Redefining \bigg on input line 723.
LaTeX Info: Redefining \Bigg on input line 724.
\big@size=\dimen152
LaTeX Font Info:    Redeclaring font encoding OML on input line 742.
LaTeX Font Info:    Redeclaring font encoding OMS on input line 743.
\macc@depth=\count291
LaTeX Info: Redefining \bmod on input line 904.
LaTeX Info: Redefining \pmod on input line 909.
LaTeX Info: Redefining \smash on input line 939.
LaTeX Info: Redefining \relbar on input line 969.
LaTeX Info: Redefining \Relbar on input line 970.
\c@MaxMatrixCols=\count292
\dotsspace@=\muskip17
\c@parentequation=\count293
\dspbrk@lvl=\count294
\tag@help=\toks20
\row@=\count295
\column@=\count296
\maxfields@=\count297
\andhelp@=\toks21
\eqnshift@=\dimen153
\alignsep@=\dimen154
\tagshift@=\dimen155
\tagwidth@=\dimen156
\totwidth@=\dimen157
\lineht@=\dimen158
\@envbody=\toks22
\multlinegap=\skip52
\multlinetaggap=\skip53
\mathdisplay@stack=\toks23
LaTeX Info: Redefining \[ on input line 2950.
LaTeX Info: Redefining \] on input line 2951.
) (C:\Program Files\MiKTeX\tex/latex/amsfonts\amssymb.sty
Package: amssymb 2013/01/14 v3.01 AMS font symbols
 (C:\Program Files\MiKTeX\tex/latex/amsfonts\amsfonts.sty
Package: amsfonts 2013/01/14 v3.01 Basic AMSFonts support
\symAMSa=\mathgroup4
\symAMSb=\mathgroup5
LaTeX Font Info:    Redeclaring math symbol \hbar on input line 98.
LaTeX Font Info:    Overwriting math alphabet `\mathfrak' in version `bold'
(Font)                  U/euf/m/n --> U/euf/b/n on input line 106.
)) (C:\Program Files\MiKTeX\tex/latex/graphics\graphicx.sty
Package: graphicx 2024/12/31 v1.2e Enhanced LaTeX Graphics (DPC,SPQR)
 (C:\Program Files\MiKTeX\tex/latex/graphics\keyval.sty
Package: keyval 2022/05/29 v1.15 key=value parser (DPC)
\KV@toks@=\toks24
) (C:\Program Files\MiKTeX\tex/latex/graphics\graphics.sty
Package: graphics 2024/08/06 v1.4g Standard LaTeX Graphics (DPC,SPQR)
 (C:\Program Files\MiKTeX\tex/latex/graphics\trig.sty
Package: trig 2023/12/02 v1.11 sin cos tan (DPC)
) (C:\Program Files\MiKTeX\tex/latex/graphics-cfg\graphics.cfg
File: graphics.cfg 2016/06/04 v1.11 sample graphics configuration
)
Package graphics Info: Driver file: pdftex.def on input line 106.
 (C:\Program Files\MiKTeX\tex/latex/graphics-def\pdftex.def
File: pdftex.def 2025/09/29 v1.2d Graphics/color driver for pdftex
))
\Gin@req@height=\dimen159
\Gin@req@width=\dimen160
) (C:\Users\ruben\AppData\Roaming\MiKTeX\tex/latex/geometry\geometry.sty
Package: geometry 2020/01/02 v5.9 Page Geometry
 (C:\Program Files\MiKTeX\tex/generic/iftex\ifvtex.sty
Package: ifvtex 2019/10/25 v1.7 ifvtex legacy package. Use iftex instead.
 (C:\Program Files\MiKTeX\tex/generic/iftex\iftex.sty
Package: iftex 2024/12/12 v1.0g TeX engine tests
))
\Gm@cnth=\count298
\Gm@cntv=\count299
\c@Gm@tempcnt=\count300
\Gm@bindingoffset=\dimen161
\Gm@wd@mp=\dimen162
\Gm@odd@mp=\dimen163
\Gm@even@mp=\dimen164
\Gm@layoutwidth=\dimen165
\Gm@layoutheight=\dimen166
\Gm@layouthoffset=\dimen167
\Gm@layoutvoffset=\dimen168
\Gm@dimlist=\toks25
 (C:\Users\ruben\AppData\Roaming\MiKTeX\tex/latex/geometry\geometry.cfg)) (C:\Program Files\MiKTeX\tex/latex/hyperref\hyperref.sty
Package: hyperref 2025-07-12 v7.01o Hypertext links for LaTeX
 (C:\Users\ruben\AppData\Roaming\MiKTeX\tex/latex/kvsetkeys\kvsetkeys.sty
Package: kvsetkeys 2022-10-05 v1.19 Key value parser (HO)
) (C:\Users\ruben\AppData\Roaming\MiKTeX\tex/generic/kvdefinekeys\kvdefinekeys.sty
Package: kvdefinekeys 2019-12-19 v1.6 Define keys (HO)
) (C:\Users\ruben\AppData\Roaming\MiKTeX\tex/generic/pdfescape\pdfescape.sty
Package: pdfescape 2019/12/09 v1.15 Implements pdfTeX's escape features (HO)
 (C:\Users\ruben\AppData\Roaming\MiKTeX\tex/generic/ltxcmds\ltxcmds.sty
Package: ltxcmds 2023-12-04 v1.26 LaTeX kernel commands for general use (HO)
) (C:\Program Files\MiKTeX\tex/generic/pdftexcmds\pdftexcmds.sty
Package: pdftexcmds 2020-06-27 v0.33 Utility functions of pdfTeX for LuaTeX (HO)
 (C:\Users\ruben\AppData\Roaming\MiKTeX\tex/generic/infwarerr\infwarerr.sty
Package: infwarerr 2019/12/03 v1.5 Providing info/warning/error messages (HO)
)
Package pdftexcmds Info: \pdf@primitive is available.
Package pdftexcmds Info: \pdf@ifprimitive is available.
Package pdftexcmds Info: \pdfdraftmode found.
)) (C:\Users\ruben\AppData\Roaming\MiKTeX\tex/latex/hycolor\hycolor.sty
Package: hycolor 2020-01-27 v1.10 Color options for hyperref/bookmark (HO)
) (C:\Program Files\MiKTeX\tex/latex/hyperref\nameref.sty
Package: nameref 2025-06-21 v2.57 Cross-referencing by name of section
 (C:\Users\ruben\AppData\Roaming\MiKTeX\tex/latex/refcount\refcount.sty
Package: refcount 2019/12/15 v3.6 Data extraction from label references (HO)
) (C:\Users\ruben\AppData\Roaming\MiKTeX\tex/generic/gettitlestring\gettitlestring.sty
Package: gettitlestring 2019/12/15 v1.6 Cleanup title references (HO)
 (C:\Users\ruben\AppData\Roaming\MiKTeX\tex/latex/kvoptions\kvoptions.sty
Package: kvoptions 2022-06-15 v3.15 Key value format for package options (HO)
))
\c@section@level=\count301
) (C:\Program Files\MiKTeX\tex/latex/etoolbox\etoolbox.sty
Package: etoolbox 2025/10/02 v2.5m e-TeX tools for LaTeX (JAW)
\etb@tempcnta=\count302
) (C:\Users\ruben\AppData\Roaming\MiKTeX\tex/generic/stringenc\stringenc.sty
Package: stringenc 2019/11/29 v1.12 Convert strings between diff. encodings (HO)
)
\@linkdim=\dimen169
\Hy@linkcounter=\count303
\Hy@pagecounter=\count304
 (C:\Program Files\MiKTeX\tex/latex/hyperref\pd1enc.def
File: pd1enc.def 2025-07-12 v7.01o Hyperref: PDFDocEncoding definition (HO)
Now handling font encoding PD1 ...
... no UTF-8 mapping file for font encoding PD1
) (C:\Users\ruben\AppData\Roaming\MiKTeX\tex/generic/intcalc\intcalc.sty
Package: intcalc 2019/12/15 v1.3 Expandable calculations with integers (HO)
)
\Hy@SavedSpaceFactor=\count305
 (C:\Program Files\MiKTeX\tex/latex/hyperref\puenc.def
File: puenc.def 2025-07-12 v7.01o Hyperref: PDF Unicode definition (HO)
Now handling font encoding PU ...
... no UTF-8 mapping file for font encoding PU
)
Package hyperref Info: Option `colorlinks' set `true' on input line 4066.
Package hyperref Info: Hyper figures OFF on input line 4195.
Package hyperref Info: Link nesting OFF on input line 4200.
Package hyperref Info: Hyper index ON on input line 4203.
Package hyperref Info: Plain pages OFF on input line 4210.
Package hyperref Info: Backreferencing OFF on input line 4215.
Package hyperref Info: Implicit mode ON; LaTeX internals redefined.
Package hyperref Info: Bookmarks ON on input line 4462.
\c@Hy@tempcnt=\count306
 (C:\Program Files\MiKTeX\tex/latex/url\url.sty
\Urlmuskip=\muskip18
Package: url 2013/09/16  ver 3.4  Verb mode for urls, etc.
)
LaTeX Info: Redefining \url on input line 4801.
\XeTeXLinkMargin=\dimen170
 (C:\Users\ruben\AppData\Roaming\MiKTeX\tex/generic/bitset\bitset.sty
Package: bitset 2019/12/09 v1.3 Handle bit-vector datatype (HO)
 (C:\Users\ruben\AppData\Roaming\MiKTeX\tex/generic/bigintcalc\bigintcalc.sty
Package: bigintcalc 2019/12/15 v1.5 Expandable calculations on big integers (HO)
))
\Fld@menulength=\count307
\Field@Width=\dimen171
\Fld@charsize=\dimen172
Package hyperref Info: Hyper figures OFF on input line 6078.
Package hyperref Info: Link nesting OFF on input line 6083.
Package hyperref Info: Hyper index ON on input line 6086.
Package hyperref Info: backreferencing OFF on input line 6093.
Package hyperref Info: Link coloring ON on input line 6096.
Package hyperref Info: Link coloring with OCG OFF on input line 6103.
Package hyperref Info: PDF/A mode OFF on input line 6108.
\Hy@abspage=\count308
\c@Item=\count309
\c@Hfootnote=\count310
)
Package hyperref Info: Driver (autodetected): hpdftex.
 (C:\Program Files\MiKTeX\tex/latex/hyperref\hpdftex.def
File: hpdftex.def 2025-07-12 v7.01o Hyperref driver for pdfTeX
\Fld@listcount=\count311
\c@bookmark@seq@number=\count312
 (C:\Users\ruben\AppData\Roaming\MiKTeX\tex/latex/rerunfilecheck\rerunfilecheck.sty
Package: rerunfilecheck 2025-06-21 v1.11 Rerun checks for auxiliary files (HO)
 (C:\Users\ruben\AppData\Roaming\MiKTeX\tex/generic/uniquecounter\uniquecounter.sty
Package: uniquecounter 2019/12/15 v1.4 Provide unlimited unique counter (HO)
)
Package uniquecounter Info: New unique counter `rerunfilecheck' on input line 284.
)
\Hy@SectionHShift=\skip54
) (C:\Users\ruben\AppData\Roaming\MiKTeX\tex/latex/booktabs\booktabs.sty
Package: booktabs 2020/01/12 v1.61803398 Publication quality tables
\heavyrulewidth=\dimen173
\lightrulewidth=\dimen174
\cmidrulewidth=\dimen175
\belowrulesep=\dimen176
\belowbottomsep=\dimen177
\aboverulesep=\dimen178
\abovetopsep=\dimen179
\cmidrulesep=\dimen180
\cmidrulekern=\dimen181
\defaultaddspace=\dimen182
\@cmidla=\count313
\@cmidlb=\count314
\@aboverulesep=\dimen183
\@belowrulesep=\dimen184
\@thisruleclass=\count315
\@lastruleclass=\count316
\@thisrulewidth=\dimen185
) (C:\Users\ruben\AppData\Roaming\MiKTeX\tex/latex/enumitem\enumitem.sty
Package: enumitem 2025/02/06 v3.11 Customized lists
\labelindent=\skip55
\enit@outerparindent=\dimen186
\enit@toks=\toks26
\enit@inbox=\box55
\enit@count@id=\count317
\enitdp@description=\count318
) (C:\Users\ruben\AppData\Roaming\MiKTeX\tex/latex/float\float.sty
Package: float 2001/11/08 v1.3d Float enhancements (AL)
\c@float@type=\count319
\float@exts=\toks27
\float@box=\box56
\@float@everytoks=\toks28
\@floatcapt=\box57
) (C:\Users\ruben\AppData\Roaming\MiKTeX\tex/latex/pdfpages\pdfpages.sty
Package: pdfpages 2025/07/23 v0.6g Insert pages of external PDF documents (AM)
 (C:\Program Files\MiKTeX\tex/latex/base\ifthen.sty
Package: ifthen 2024/03/16 v1.1e Standard LaTeX ifthen package (DPC)
) (C:\Program Files\MiKTeX\tex/latex/tools\calc.sty
Package: calc 2025/03/01 v4.3b Infix arithmetic (KKT,FJ)
\calc@Acount=\count320
\calc@Bcount=\count321
\calc@Adimen=\dimen187
\calc@Bdimen=\dimen188
\calc@Askip=\skip56
\calc@Bskip=\skip57
LaTeX Info: Redefining \setlength on input line 86.
LaTeX Info: Redefining \addtolength on input line 87.
\calc@Ccount=\count322
\calc@Cskip=\skip58
) (C:\Users\ruben\AppData\Roaming\MiKTeX\tex/latex/eso-pic\eso-pic.sty
Package: eso-pic 2023/05/03 v3.0c eso-pic (RN)
\ESO@tempdima=\dimen189
\ESO@tempdimb=\dimen190
 (C:\Program Files\MiKTeX\tex/latex/xcolor\xcolor.sty
Package: xcolor 2024/09/29 v3.02 LaTeX color extensions (UK)
 (C:\Program Files\MiKTeX\tex/latex/graphics-cfg\color.cfg
File: color.cfg 2016/01/02 v1.6 sample color configuration
)
Package xcolor Info: Driver file: pdftex.def on input line 274.
 (C:\Program Files\MiKTeX\tex/latex/graphics\mathcolor.ltx)
Package xcolor Info: Model `cmy' substituted by `cmy0' on input line 1349.
Package xcolor Info: Model `hsb' substituted by `rgb' on input line 1353.
Package xcolor Info: Model `RGB' extended on input line 1365.
Package xcolor Info: Model `HTML' substituted by `rgb' on input line 1367.
Package xcolor Info: Model `Hsb' substituted by `hsb' on input line 1368.
Package xcolor Info: Model `tHsb' substituted by `hsb' on input line 1369.
Package xcolor Info: Model `HSB' substituted by `hsb' on input line 1370.
Package xcolor Info: Model `Gray' substituted by `gray' on input line 1371.
Package xcolor Info: Model `wave' substituted by `hsb' on input line 1372.
))
\AM@pagewidth=\dimen191
\AM@pageheight=\dimen192
\AM@fboxrule=\dimen193
 (C:\Users\ruben\AppData\Roaming\MiKTeX\tex/latex/pdfpages\pppdftex.def
File: pppdftex.def 2025/07/23 v0.6g Pdfpages driver for pdfTeX (AM)
)
\pdfpages@includegraphics@status=\count323
\AM@pagebox=\box58
\AM@global@opts=\toks29
\AM@pagecnt=\count324
\AM@toc@title=\toks30
\AM@lof@heading=\toks31
\c@AM@survey=\count325
\AM@templatesizebox=\box59
) (C:\Program Files\MiKTeX\tex/latex/pgf/frontendlayer\tikz.sty (C:\Program Files\MiKTeX\tex/latex/pgf/basiclayer\pgf.sty (C:\Program Files\MiKTeX\tex/latex/pgf/utilities\pgfrcs.sty (C:\Program Files\MiKTeX\tex/generic/pgf/utilities\pgfutil-common.tex
\pgfutil@everybye=\toks32
\pgfutil@tempdima=\dimen194
\pgfutil@tempdimb=\dimen195
) (C:\Program Files\MiKTeX\tex/generic/pgf/utilities\pgfutil-latex.def
\pgfutil@abb=\box60
) (C:\Program Files\MiKTeX\tex/generic/pgf/utilities\pgfrcs.code.tex (C:\Program Files\MiKTeX\tex/generic/pgf\pgf.revision.tex)
Package: pgfrcs 2025-08-29 v3.1.11a (3.1.11a)
))
Package: pgf 2025-08-29 v3.1.11a (3.1.11a)
 (C:\Program Files\MiKTeX\tex/latex/pgf/basiclayer\pgfcore.sty (C:\Program Files\MiKTeX\tex/latex/pgf/systemlayer\pgfsys.sty (C:\Program Files\MiKTeX\tex/generic/pgf/systemlayer\pgfsys.code.tex
Package: pgfsys 2025-08-29 v3.1.11a (3.1.11a)
 (C:\Program Files\MiKTeX\tex/generic/pgf/utilities\pgfkeys.code.tex
\pgfkeys@pathtoks=\toks33
\pgfkeys@temptoks=\toks34
 (C:\Program Files\MiKTeX\tex/generic/pgf/utilities\pgfkeyslibraryfiltered.code.tex
\pgfkeys@tmptoks=\toks35
))
\pgf@x=\dimen196
\pgf@y=\dimen197
\pgf@xa=\dimen198
\pgf@ya=\dimen199
\pgf@xb=\dimen256
\pgf@yb=\dimen257
\pgf@xc=\dimen258
\pgf@yc=\dimen259
\pgf@xd=\dimen260
\pgf@yd=\dimen261
\w@pgf@writea=\write3
\r@pgf@reada=\read3
\c@pgf@counta=\count326
\c@pgf@countb=\count327
\c@pgf@countc=\count328
\c@pgf@countd=\count329
\t@pgf@toka=\toks36
\t@pgf@tokb=\toks37
\t@pgf@tokc=\toks38
\pgf@sys@id@count=\count330
 (C:\Program Files\MiKTeX\tex/generic/pgf/systemlayer\pgf.cfg
File: pgf.cfg 2025-08-29 v3.1.11a (3.1.11a)
)
Driver file for pgf: pgfsys-pdftex.def
 (C:\Program Files\MiKTeX\tex/generic/pgf/systemlayer\pgfsys-pdftex.def
File: pgfsys-pdftex.def 2025-08-29 v3.1.11a (3.1.11a)
 (C:\Program Files\MiKTeX\tex/generic/pgf/systemlayer\pgfsys-common-pdf.def
File: pgfsys-common-pdf.def 2025-08-29 v3.1.11a (3.1.11a)
))) (C:\Program Files\MiKTeX\tex/generic/pgf/systemlayer\pgfsyssoftpath.code.tex
File: pgfsyssoftpath.code.tex 2025-08-29 v3.1.11a (3.1.11a)
\pgfsyssoftpath@smallbuffer@items=\count331
\pgfsyssoftpath@bigbuffer@items=\count332
) (C:\Program Files\MiKTeX\tex/generic/pgf/systemlayer\pgfsysprotocol.code.tex
File: pgfsysprotocol.code.tex 2025-08-29 v3.1.11a (3.1.11a)
)) (C:\Program Files\MiKTeX\tex/generic/pgf/basiclayer\pgfcore.code.tex
Package: pgfcore 2025-08-29 v3.1.11a (3.1.11a)
 (C:\Program Files\MiKTeX\tex/generic/pgf/math\pgfmath.code.tex (C:\Program Files\MiKTeX\tex/generic/pgf/math\pgfmathutil.code.tex) (C:\Program Files\MiKTeX\tex/generic/pgf/math\pgfmathparser.code.tex
\pgfmath@dimen=\dimen262
\pgfmath@count=\count333
\pgfmath@box=\box61
\pgfmath@toks=\toks39
\pgfmath@stack@operand=\toks40
\pgfmath@stack@operation=\toks41
) (C:\Program Files\MiKTeX\tex/generic/pgf/math\pgfmathfunctions.code.tex) (C:\Program Files\MiKTeX\tex/generic/pgf/math\pgfmathfunctions.basic.code.tex) (C:\Program Files\MiKTeX\tex/generic/pgf/math\pgfmathfunctions.trigonometric.code.tex) (C:\Program Files\MiKTeX\tex/generic/pgf/math\pgfmathfunctions.random.code.tex) (C:\Program Files\MiKTeX\tex/generic/pgf/math\pgfmathfunctions.comparison.code.tex) (C:\Program Files\MiKTeX\tex/generic/pgf/math\pgfmathfunctions.base.code.tex) (C:\Program Files\MiKTeX\tex/generic/pgf/math\pgfmathfunctions.round.code.tex) (C:\Program Files\MiKTeX\tex/generic/pgf/math\pgfmathfunctions.misc.code.tex) (C:\Program Files\MiKTeX\tex/generic/pgf/math\pgfmathfunctions.integerarithmetics.code.tex) (C:\Program Files\MiKTeX\tex/generic/pgf/math\pgfmathcalc.code.tex) (C:\Program Files\MiKTeX\tex/generic/pgf/math\pgfmathfloat.code.tex
\c@pgfmathroundto@lastzeros=\count334
)) (C:\Program Files\MiKTeX\tex/generic/pgf/math\pgfint.code.tex) (C:\Program Files\MiKTeX\tex/generic/pgf/basiclayer\pgfcorepoints.code.tex
File: pgfcorepoints.code.tex 2025-08-29 v3.1.11a (3.1.11a)
\pgf@picminx=\dimen263
\pgf@picmaxx=\dimen264
\pgf@picminy=\dimen265
\pgf@picmaxy=\dimen266
\pgf@pathminx=\dimen267
\pgf@pathmaxx=\dimen268
\pgf@pathminy=\dimen269
\pgf@pathmaxy=\dimen270
\pgf@xx=\dimen271
\pgf@xy=\dimen272
\pgf@yx=\dimen273
\pgf@yy=\dimen274
\pgf@zx=\dimen275
\pgf@zy=\dimen276
) (C:\Program Files\MiKTeX\tex/generic/pgf/basiclayer\pgfcorepathconstruct.code.tex
File: pgfcorepathconstruct.code.tex 2025-08-29 v3.1.11a (3.1.11a)
\pgf@path@lastx=\dimen277
\pgf@path@lasty=\dimen278
) (C:\Program Files\MiKTeX\tex/generic/pgf/basiclayer\pgfcorepathusage.code.tex
File: pgfcorepathusage.code.tex 2025-08-29 v3.1.11a (3.1.11a)
\pgf@shorten@end@additional=\dimen279
\pgf@shorten@start@additional=\dimen280
) (C:\Program Files\MiKTeX\tex/generic/pgf/basiclayer\pgfcorescopes.code.tex
File: pgfcorescopes.code.tex 2025-08-29 v3.1.11a (3.1.11a)
\pgfpic=\box62
\pgf@hbox=\box63
\pgf@layerbox@main=\box64
\pgf@picture@serial@count=\count335
) (C:\Program Files\MiKTeX\tex/generic/pgf/basiclayer\pgfcoregraphicstate.code.tex
File: pgfcoregraphicstate.code.tex 2025-08-29 v3.1.11a (3.1.11a)
\pgflinewidth=\dimen281
) (C:\Program Files\MiKTeX\tex/generic/pgf/basiclayer\pgfcoretransformations.code.tex
File: pgfcoretransformations.code.tex 2025-08-29 v3.1.11a (3.1.11a)
\pgf@pt@x=\dimen282
\pgf@pt@y=\dimen283
\pgf@pt@temp=\dimen284
) (C:\Program Files\MiKTeX\tex/generic/pgf/basiclayer\pgfcorequick.code.tex
File: pgfcorequick.code.tex 2025-08-29 v3.1.11a (3.1.11a)
) (C:\Program Files\MiKTeX\tex/generic/pgf/basiclayer\pgfcoreobjects.code.tex
File: pgfcoreobjects.code.tex 2025-08-29 v3.1.11a (3.1.11a)
) (C:\Program Files\MiKTeX\tex/generic/pgf/basiclayer\pgfcorepathprocessing.code.tex
File: pgfcorepathprocessing.code.tex 2025-08-29 v3.1.11a (3.1.11a)
) (C:\Program Files\MiKTeX\tex/generic/pgf/basiclayer\pgfcorearrows.code.tex
File: pgfcorearrows.code.tex 2025-08-29 v3.1.11a (3.1.11a)
\pgfarrowsep=\dimen285
) (C:\Program Files\MiKTeX\tex/generic/pgf/basiclayer\pgfcoreshade.code.tex
File: pgfcoreshade.code.tex 2025-08-29 v3.1.11a (3.1.11a)
\pgf@max=\dimen286
\pgf@sys@shading@range@num=\count336
\pgf@shadingcount=\count337
) (C:\Program Files\MiKTeX\tex/generic/pgf/basiclayer\pgfcoreimage.code.tex
File: pgfcoreimage.code.tex 2025-08-29 v3.1.11a (3.1.11a)
) (C:\Program Files\MiKTeX\tex/generic/pgf/basiclayer\pgfcoreexternal.code.tex
File: pgfcoreexternal.code.tex 2025-08-29 v3.1.11a (3.1.11a)
\pgfexternal@startupbox=\box65
) (C:\Program Files\MiKTeX\tex/generic/pgf/basiclayer\pgfcorelayers.code.tex
File: pgfcorelayers.code.tex 2025-08-29 v3.1.11a (3.1.11a)
) (C:\Program Files\MiKTeX\tex/generic/pgf/basiclayer\pgfcoretransparency.code.tex
File: pgfcoretransparency.code.tex 2025-08-29 v3.1.11a (3.1.11a)
) (C:\Program Files\MiKTeX\tex/generic/pgf/basiclayer\pgfcorepatterns.code.tex
File: pgfcorepatterns.code.tex 2025-08-29 v3.1.11a (3.1.11a)
) (C:\Program Files\MiKTeX\tex/generic/pgf/basiclayer\pgfcorerdf.code.tex
File: pgfcorerdf.code.tex 2025-08-29 v3.1.11a (3.1.11a)
))) (C:\Program Files\MiKTeX\tex/generic/pgf/modules\pgfmoduleshapes.code.tex
File: pgfmoduleshapes.code.tex 2025-08-29 v3.1.11a (3.1.11a)
\pgfnodeparttextbox=\box66
) (C:\Program Files\MiKTeX\tex/generic/pgf/modules\pgfmoduleplot.code.tex
File: pgfmoduleplot.code.tex 2025-08-29 v3.1.11a (3.1.11a)
) (C:\Program Files\MiKTeX\tex/latex/pgf/compatibility\pgfcomp-version-0-65.sty
Package: pgfcomp-version-0-65 2025-08-29 v3.1.11a (3.1.11a)
\pgf@nodesepstart=\dimen287
\pgf@nodesepend=\dimen288
) (C:\Program Files\MiKTeX\tex/latex/pgf/compatibility\pgfcomp-version-1-18.sty
Package: pgfcomp-version-1-18 2025-08-29 v3.1.11a (3.1.11a)
)) (C:\Program Files\MiKTeX\tex/latex/pgf/utilities\pgffor.sty (C:\Program Files\MiKTeX\tex/latex/pgf/utilities\pgfkeys.sty (C:\Program Files\MiKTeX\tex/generic/pgf/utilities\pgfkeys.code.tex)) (C:\Program Files\MiKTeX\tex/latex/pgf/math\pgfmath.sty (C:\Program Files\MiKTeX\tex/generic/pgf/math\pgfmath.code.tex)) (C:\Program Files\MiKTeX\tex/generic/pgf/utilities\pgffor.code.tex
Package: pgffor 2025-08-29 v3.1.11a (3.1.11a)
\pgffor@iter=\dimen289
\pgffor@skip=\dimen290
\pgffor@stack=\toks42
\pgffor@toks=\toks43
)) (C:\Program Files\MiKTeX\tex/generic/pgf/frontendlayer/tikz\tikz.code.tex
Package: tikz 2025-08-29 v3.1.11a (3.1.11a)
 (C:\Program Files\MiKTeX\tex/generic/pgf/libraries\pgflibraryplothandlers.code.tex
File: pgflibraryplothandlers.code.tex 2025-08-29 v3.1.11a (3.1.11a)
\pgf@plot@mark@count=\count338
\pgfplotmarksize=\dimen291
)
\tikz@lastx=\dimen292
\tikz@lasty=\dimen293
\tikz@lastxsaved=\dimen294
\tikz@lastysaved=\dimen295
\tikz@lastmovetox=\dimen296
\tikz@lastmovetoy=\dimen297
\tikzleveldistance=\dimen298
\tikzsiblingdistance=\dimen299
\tikz@figbox=\box67
\tikz@figbox@bg=\box68
\tikz@tempbox=\box69
\tikz@tempbox@bg=\box70
\tikztreelevel=\count339
\tikznumberofchildren=\count340
\tikznumberofcurrentchild=\count341
\tikz@fig@count=\count342
 (C:\Program Files\MiKTeX\tex/generic/pgf/modules\pgfmodulematrix.code.tex
File: pgfmodulematrix.code.tex 2025-08-29 v3.1.11a (3.1.11a)
\pgfmatrixcurrentrow=\count343
\pgfmatrixcurrentcolumn=\count344
\pgf@matrix@numberofcolumns=\count345
)
\tikz@expandcount=\count346
 (C:\Program Files\MiKTeX\tex/generic/pgf/frontendlayer/tikz/libraries\tikzlibrarytopaths.code.tex
File: tikzlibrarytopaths.code.tex 2025-08-29 v3.1.11a (3.1.11a)
))) (C:\Users\ruben\AppData\Roaming\MiKTeX\tex/latex/fancyhdr\fancyhdr.sty
Package: fancyhdr 2025/02/07 v5.2 Extensive control of page headers and footers
\f@nch@headwidth=\skip59
\f@nch@offset@elh=\skip60
\f@nch@offset@erh=\skip61
\f@nch@offset@olh=\skip62
\f@nch@offset@orh=\skip63
\f@nch@offset@elf=\skip64
\f@nch@offset@erf=\skip65
\f@nch@offset@olf=\skip66
\f@nch@offset@orf=\skip67
\f@nch@height=\skip68
\f@nch@footalignment=\skip69
\f@nch@widthL=\skip70
\f@nch@widthC=\skip71
\f@nch@widthR=\skip72
\@temptokenb=\toks44
) (C:\Users\ruben\AppData\Roaming\MiKTeX\tex/latex/microtype\microtype.sty
Package: microtype 2025/07/09 v3.2b Micro-typographical refinements (RS)
\MT@toks=\toks45
\MT@tempbox=\box71
\MT@count=\count347
LaTeX Info: Redefining \noprotrusionifhmode on input line 1087.
LaTeX Info: Redefining \leftprotrusion on input line 1088.
\MT@prot@toks=\toks46
LaTeX Info: Redefining \rightprotrusion on input line 1107.
LaTeX Info: Redefining \textls on input line 1449.
\MT@outer@kern=\dimen300
LaTeX Info: Redefining \microtypecontext on input line 2053.
LaTeX Info: Redefining \textmicrotypecontext on input line 2070.
\MT@listname@count=\count348
 (C:\Users\ruben\AppData\Roaming\MiKTeX\tex/latex/microtype\microtype-pdftex.def
File: microtype-pdftex.def 2025/07/09 v3.2b Definitions specific to pdftex (RS)
LaTeX Info: Redefining \lsstyle on input line 944.
LaTeX Info: Redefining \lslig on input line 944.
\MT@outer@space=\skip73
)
Package microtype Info: Loading configuration file microtype.cfg.
 (C:\Users\ruben\AppData\Roaming\MiKTeX\tex/latex/microtype\microtype.cfg
File: microtype.cfg 2025/07/09 v3.2b microtype main configuration file (RS)
)
LaTeX Info: Redefining \microtypesetup on input line 3065.
) (C:\Users\ruben\AppData\Roaming\MiKTeX\tex/generic/soul\soul.sty
Package: soul 2023-06-14 v3.1 Permit use of UTF-8 characters in soul (HO)
 (C:\Users\ruben\AppData\Roaming\MiKTeX\tex/generic/soul\soul-ori.sty
Package: soul-ori 2023-06-14 v3.1 letterspacing/underlining (mf)
\SOUL@word=\toks47
\SOUL@lasttoken=\toks48
\SOUL@syllable=\toks49
\SOUL@cmds=\toks50
\SOUL@buffer=\toks51
\SOUL@token=\toks52
\SOUL@syllgoal=\dimen301
\SOUL@syllwidth=\dimen302
\SOUL@charkern=\dimen303
\SOUL@hyphkern=\dimen304
\SOUL@dimen=\dimen305
\SOUL@dimeni=\dimen306
\SOUL@minus=\count349
\SOUL@comma=\count350
\SOUL@apo=\count351
\SOUL@grave=\count352
\SOUL@spaceskip=\skip74
\SOUL@ttwidth=\dimen307
\SOUL@uldp=\dimen308
\SOUL@ulht=\dimen309
) (C:\Users\ruben\AppData\Roaming\MiKTeX\tex/generic/etexcmds\etexcmds.sty
Package: etexcmds 2019/12/15 v1.7 Avoid name clashes with e-TeX commands (HO)
)) (C:\Users\ruben\AppData\Roaming\MiKTeX\tex/latex/mdframed\mdframed.sty
Package: mdframed 2013/07/01 1.9b: mdframed
 (C:\Program Files\MiKTeX\tex/latex/l3packages/xparse\xparse.sty (C:\Program Files\MiKTeX\tex/latex/l3kernel\expl3.sty
Package: expl3 2025-11-06 L3 programming layer (loader) 
 (C:\Program Files\MiKTeX\tex/latex/l3backend\l3backend-pdftex.def
File: l3backend-pdftex.def 2025-10-09 L3 backend support: PDF output (pdfTeX)
\l__color_backend_stack_int=\count353
))
Package: xparse 2025-10-09 L3 Experimental document command parser
) (C:\Users\ruben\AppData\Roaming\MiKTeX\tex/latex/zref\zref-abspage.sty
Package: zref-abspage 2025-06-08 v2.36 Module abspage for zref (HO)
 (C:\Users\ruben\AppData\Roaming\MiKTeX\tex/latex/zref\zref-base.sty
Package: zref-base 2025-06-08 v2.36 Module base for zref (HO)
 (C:\Users\ruben\AppData\Roaming\MiKTeX\tex/latex/auxhook\auxhook.sty
Package: auxhook 2019-12-17 v1.6 Hooks for auxiliary files (HO)
)
Package zref Info: New property list: main on input line 767.
Package zref Info: New property: default on input line 768.
Package zref Info: New property: page on input line 769.
)
\c@abspage=\count354
Package zref Info: New property: abspage on input line 67.
) (C:\Users\ruben\AppData\Roaming\MiKTeX\tex/latex/needspace\needspace.sty
Package: needspace 2025/03/13 v1.3e reserve vertical space
)
\mdf@templength=\skip75
\c@mdf@globalstyle@cnt=\count355
\mdf@skipabove@length=\skip76
\mdf@skipbelow@length=\skip77
\mdf@leftmargin@length=\skip78
\mdf@rightmargin@length=\skip79
\mdf@innerleftmargin@length=\skip80
\mdf@innerrightmargin@length=\skip81
\mdf@innertopmargin@length=\skip82
\mdf@innerbottommargin@length=\skip83
\mdf@splittopskip@length=\skip84
\mdf@splitbottomskip@length=\skip85
\mdf@outermargin@length=\skip86
\mdf@innermargin@length=\skip87
\mdf@linewidth@length=\skip88
\mdf@innerlinewidth@length=\skip89
\mdf@middlelinewidth@length=\skip90
\mdf@outerlinewidth@length=\skip91
\mdf@roundcorner@length=\skip92
\mdf@footenotedistance@length=\skip93
\mdf@userdefinedwidth@length=\skip94
\mdf@needspace@length=\skip95
\mdf@frametitleaboveskip@length=\skip96
\mdf@frametitlebelowskip@length=\skip97
\mdf@frametitlerulewidth@length=\skip98
\mdf@frametitleleftmargin@length=\skip99
\mdf@frametitlerightmargin@length=\skip100
\mdf@shadowsize@length=\skip101
\mdf@extratopheight@length=\skip102
\mdf@subtitleabovelinewidth@length=\skip103
\mdf@subtitlebelowlinewidth@length=\skip104
\mdf@subtitleaboveskip@length=\skip105
\mdf@subtitlebelowskip@length=\skip106
\mdf@subtitleinneraboveskip@length=\skip107
\mdf@subtitleinnerbelowskip@length=\skip108
\mdf@subsubtitleabovelinewidth@length=\skip109
\mdf@subsubtitlebelowlinewidth@length=\skip110
\mdf@subsubtitleaboveskip@length=\skip111
\mdf@subsubtitlebelowskip@length=\skip112
\mdf@subsubtitleinneraboveskip@length=\skip113
\mdf@subsubtitleinnerbelowskip@length=\skip114
 (C:\Users\ruben\AppData\Roaming\MiKTeX\tex/latex/mdframed\md-frame-1.mdf
File: md-frame-1.mdf 2013/07/01\ 1.9b: md-frame-1
)
\mdf@frametitlebox=\box72
\mdf@footnotebox=\box73
\mdf@splitbox@one=\box74
\mdf@splitbox@two=\box75
\mdf@splitbox@save=\box76
\mdfsplitboxwidth=\skip115
\mdfsplitboxtotalwidth=\skip116
\mdfsplitboxheight=\skip117
\mdfsplitboxdepth=\skip118
\mdfsplitboxtotalheight=\skip119
\mdfframetitleboxwidth=\skip120
\mdfframetitleboxtotalwidth=\skip121
\mdfframetitleboxheight=\skip122
\mdfframetitleboxdepth=\skip123
\mdfframetitleboxtotalheight=\skip124
\mdffootnoteboxwidth=\skip125
\mdffootnoteboxtotalwidth=\skip126
\mdffootnoteboxheight=\skip127
\mdffootnoteboxdepth=\skip128
\mdffootnoteboxtotalheight=\skip129
\mdftotallinewidth=\skip130
\mdfboundingboxwidth=\skip131
\mdfboundingboxtotalwidth=\skip132
\mdfboundingboxheight=\skip133
\mdfboundingboxdepth=\skip134
\mdfboundingboxtotalheight=\skip135
\mdf@freevspace@length=\skip136
\mdf@horizontalwidthofbox@length=\skip137
\mdf@verticalmarginwhole@length=\skip138
\mdf@horizontalspaceofbox=\skip139
\mdfsubtitleheight=\skip140
\mdfsubsubtitleheight=\skip141
\c@mdfcountframes=\count356

****** mdframed patching \endmdf@trivlist

****** -- success******

\mdf@envdepth=\count357
\c@mdf@env@i=\count358
\c@mdf@env@ii=\count359
\c@mdf@zref@counter=\count360
Package zref Info: New property: mdf@pagevalue on input line 895.
) (C:\Users\ruben\AppData\Roaming\MiKTeX\tex/latex/titlesec\titlesec.sty
Package: titlesec 2025/01/04 v2.17 Sectioning titles
\ttl@box=\box77
\beforetitleunit=\skip142
\aftertitleunit=\skip143
\ttl@plus=\dimen310
\ttl@minus=\dimen311
\ttl@toksa=\toks53
\titlewidth=\dimen312
\titlewidthlast=\dimen313
\titlewidthfirst=\dimen314
)
\c@opgave=\count361
 (Warmte en stromingen Samenvatting Ruben Ryckaert.aux)
\openout1 = `"Warmte en stromingen Samenvatting Ruben Ryckaert.aux"'.

LaTeX Font Info:    Checking defaults for OML/cmm/m/it on input line 135.
LaTeX Font Info:    ... okay on input line 135.
LaTeX Font Info:    Checking defaults for OMS/cmsy/m/n on input line 135.
LaTeX Font Info:    ... okay on input line 135.
LaTeX Font Info:    Checking defaults for OT1/cmr/m/n on input line 135.
LaTeX Font Info:    ... okay on input line 135.
LaTeX Font Info:    Checking defaults for T1/cmr/m/n on input line 135.
LaTeX Font Info:    ... okay on input line 135.
LaTeX Font Info:    Checking defaults for TS1/cmr/m/n on input line 135.
LaTeX Font Info:    ... okay on input line 135.
LaTeX Font Info:    Checking defaults for OMX/cmex/m/n on input line 135.
LaTeX Font Info:    ... okay on input line 135.
LaTeX Font Info:    Checking defaults for U/cmr/m/n on input line 135.
LaTeX Font Info:    ... okay on input line 135.
LaTeX Font Info:    Checking defaults for PD1/pdf/m/n on input line 135.
LaTeX Font Info:    ... okay on input line 135.
LaTeX Font Info:    Checking defaults for PU/pdf/m/n on input line 135.
LaTeX Font Info:    ... okay on input line 135.
 (C:\Program Files\MiKTeX\tex/context/base/mkii\supp-pdf.mkii
[Loading MPS to PDF converter (version 2006.09.02).]
\scratchcounter=\count362
\scratchdimen=\dimen315
\scratchbox=\box78
\nofMPsegments=\count363
\nofMParguments=\count364
\everyMPshowfont=\toks54
\MPscratchCnt=\count365
\MPscratchDim=\dimen316
\MPnumerator=\count366
\makeMPintoPDFobject=\count367
\everyMPtoPDFconversion=\toks55
) (C:\Program Files\MiKTeX\tex/latex/epstopdf-pkg\epstopdf-base.sty
Package: epstopdf-base 2020-01-24 v2.11 Base part for package epstopdf
Package epstopdf-base Info: Redefining graphics rule for `.eps' on input line 485.
 (C:\Program Files\MiKTeX\tex/latex/00miktex\epstopdf-sys.cfg
File: epstopdf-sys.cfg 2021/03/18 v2.0 Configuration of epstopdf for MiKTeX
))
*geometry* driver: auto-detecting
*geometry* detected driver: pdftex
*geometry* verbose mode - [ preamble ] result:
* driver: pdftex
* paper: a4paper
* layout: <same size as paper>
* layoutoffset:(h,v)=(0.0pt,0.0pt)
* modes: twoside 
* h-part:(L,W,R)=(71.13188pt, 455.24411pt, 71.13188pt)
* v-part:(T,H,B)=(71.13188pt, 702.78308pt, 71.13188pt)
* \paperwidth=597.50787pt
* \paperheight=845.04684pt
* \textwidth=455.24411pt
* \textheight=702.78308pt
* \oddsidemargin=-1.1381pt
* \evensidemargin=-1.1381pt
* \topmargin=-29.1381pt
* \headheight=16.0pt
* \headsep=12.0pt
* \topskip=11.0pt
* \footskip=18.0pt
* \marginparwidth=103.0pt
* \marginparsep=10.0pt
* \columnsep=10.0pt
* \skip\footins=10.0pt plus 4.0pt minus 2.0pt
* \hoffset=0.0pt
* \voffset=0.0pt
* \mag=1000
* \@twocolumnfalse
* \@twosidetrue
* \@mparswitchtrue
* \@reversemarginfalse
* (1in=72.27pt=25.4mm, 1cm=28.453pt)

Package hyperref Info: Link coloring ON on input line 135.
(Warmte en stromingen Samenvatting Ruben Ryckaert.out) (Warmte en stromingen Samenvatting Ruben Ryckaert.out)
\@outlinefile=\write4
\openout4 = `"Warmte en stromingen Samenvatting Ruben Ryckaert.out"'.

 (C:\Users\ruben\AppData\Roaming\MiKTeX\tex/latex/pdflscape\pdflscape.sty
Package: pdflscape 2022-10-27 v0.13 Display of landscape pages in PDF
 (C:\Users\ruben\AppData\Roaming\MiKTeX\tex/latex/pdflscape\pdflscape-nometadata.sty
Package: pdflscape-nometadata 2022-10-28 v0.13 Display of landscape pages in PDF (HO)
 (C:\Program Files\MiKTeX\tex/latex/graphics\lscape.sty
Package: lscape 2020/05/28 v3.02 Landscape Pages (DPC)
)
Package pdflscape Info: Auto-detected driver: pdftex on input line 81.
))
LaTeX Info: Redefining \microtypecontext on input line 135.
Package microtype Info: Applying patch `item' on input line 135.
Package microtype Info: Applying patch `toc' on input line 135.
Package microtype Info: Applying patch `eqnum' on input line 135.
Package microtype Info: Applying patch `footnote' on input line 135.
Package microtype Info: Applying patch `verbatim' on input line 135.
LaTeX Info: Redefining \microtypesetup on input line 135.
Package microtype Info: Generating PDF output.
Package microtype Info: Character protrusion enabled (level 2).
Package microtype Info: Using default protrusion set `alltext'.
Package microtype Info: No font expansion.
Package microtype Info: No adjustment of tracking.
Package microtype Info: No adjustment of interword spacing.
Package microtype Info: No adjustment of character kerning.
 (C:\Users\ruben\AppData\Roaming\MiKTeX\tex/latex/microtype\mt-cmr.cfg
File: mt-cmr.cfg 2013/05/19 v2.2 microtype config. file: Computer Modern Roman (RS)
)
LaTeX Font Info:    Trying to load font information for U+msa on input line 137.
 (C:\Program Files\MiKTeX\tex/latex/amsfonts\umsa.fd
File: umsa.fd 2013/01/14 v3.01 AMS symbols A
) (C:\Users\ruben\AppData\Roaming\MiKTeX\tex/latex/microtype\mt-msa.cfg
File: mt-msa.cfg 2006/02/04 v1.1 microtype config. file: AMS symbols (a) (RS)
)
LaTeX Font Info:    Trying to load font information for U+msb on input line 137.
 (C:\Program Files\MiKTeX\tex/latex/amsfonts\umsb.fd
File: umsb.fd 2013/01/14 v3.01 AMS symbols B
) (C:\Users\ruben\AppData\Roaming\MiKTeX\tex/latex/microtype\mt-msb.cfg
File: mt-msb.cfg 2005/06/01 v1.0 microtype config. file: AMS symbols (b) (RS)
) (Warmte en stromingen Samenvatting Ruben Ryckaert.toc [1

{C:/Users/ruben/AppData/Local/MiKTeX/fonts/map/pdftex/pdftex.map}] [2])
\tf@toc=\write5
\openout5 = `"Warmte en stromingen Samenvatting Ruben Ryckaert.toc"'.



pdfTeX warning: pdflatex (file ./Warmte en stroming_Thermal-Fluid Sciences Formularium.pdf): PDF inclusion: found PDF version <1.7>, but at most version <1.5> allowed
<Warmte en stroming_Thermal-Fluid Sciences Formularium.pdf, id=591, 597.55246pt x 845.07718pt>
File: Warmte en stroming_Thermal-Fluid Sciences Formularium.pdf Graphic file (type pdf)
<use Warmte en stroming_Thermal-Fluid Sciences Formularium.pdf>
Package pdftex.def Info: Warmte en stroming_Thermal-Fluid Sciences Formularium.pdf  used on input line 146.
(pdftex.def)             Requested size: 597.551pt x 845.07512pt.


pdfTeX warning: pdflatex (file ./Warmte en stroming_Thermal-Fluid Sciences Formularium.pdf): PDF inclusion: found PDF version <1.7>, but at most version <1.5> allowed


pdfTeX warning: pdflatex (file ./Warmte en stroming_Thermal-Fluid Sciences Formularium.pdf): PDF inclusion: found PDF version <1.7>, but at most version <1.5> allowed
<Warmte en stroming_Thermal-Fluid Sciences Formularium.pdf, id=593, page=1, 597.55246pt x 845.07718pt>
File: Warmte en stroming_Thermal-Fluid Sciences Formularium.pdf Graphic file (type pdf)
<use Warmte en stroming_Thermal-Fluid Sciences Formularium.pdf, page 1>
Package pdftex.def Info: Warmte en stroming_Thermal-Fluid Sciences Formularium.pdf , page1 used on input line 146.
(pdftex.def)             Requested size: 597.551pt x 845.07512pt.
File: Warmte en stroming_Thermal-Fluid Sciences Formularium.pdf Graphic file (type pdf)
<use Warmte en stroming_Thermal-Fluid Sciences Formularium.pdf, page 1>
Package pdftex.def Info: Warmte en stroming_Thermal-Fluid Sciences Formularium.pdf , page1 used on input line 146.
(pdftex.def)             Requested size: 597.57834pt x 845.1138pt.
[3]
File: Warmte en stroming_Thermal-Fluid Sciences Formularium.pdf Graphic file (type pdf)
<use Warmte en stroming_Thermal-Fluid Sciences Formularium.pdf, page 1>
Package pdftex.def Info: Warmte en stroming_Thermal-Fluid Sciences Formularium.pdf , page1 used on input line 146.
(pdftex.def)             Requested size: 597.57834pt x 845.1138pt.
File: Warmte en stroming_Thermal-Fluid Sciences Formularium.pdf Graphic file (type pdf)
<use Warmte en stroming_Thermal-Fluid Sciences Formularium.pdf, page 1>
Package pdftex.def Info: Warmte en stroming_Thermal-Fluid Sciences Formularium.pdf , page1 used on input line 146.
(pdftex.def)             Requested size: 597.57834pt x 845.1138pt.
File: Warmte en stroming_Thermal-Fluid Sciences Formularium.pdf Graphic file (type pdf)
<use Warmte en stroming_Thermal-Fluid Sciences Formularium.pdf, page 1>
Package pdftex.def Info: Warmte en stroming_Thermal-Fluid Sciences Formularium.pdf , page1 used on input line 146.
(pdftex.def)             Requested size: 597.57834pt x 845.1138pt.
 [4

 <./Warmte en stroming_Thermal-Fluid Sciences Formularium.pdf>]
Package mdframed Info: mdframed works in twoside mode on input line 176.
Package mdframed Info: mdframed works in twoside mode on input line 177.
Package mdframed Info: mdframed works in twoside mode on input line 178.
Package mdframed Info: mdframed works in twoside mode on input line 179.
Package mdframed Info: mdframed works in twoside mode on input line 180.

Underfull \vbox (badness 10000) has occurred while \output is active []

 [5]
Overfull \hbox (30.43832pt too wide) detected at line 213
[]
 []

Package mdframed Info: mdframed works in twoside mode on input line 214.
Package mdframed Info: mdframed works in twoside mode on input line 215.
[6]
Package mdframed Info: Not enough space on this page on input line 215.
Package mdframed Info: mdframed works in twoside mode on input line 216.
Package mdframed Info: mdframed works in twoside mode on input line 217.
 [7] [8

]
Chapter 1.
Package mdframed Info: mdframed works in twoside mode on input line 239.
Package mdframed Info: mdframed works in twoside mode on input line 240.
Package mdframed Info: mdframed works in twoside mode on input line 247.
Package mdframed Info: mdframed works in twoside mode on input line 248.
Package mdframed Info: mdframed works in twoside mode on input line 259.
Package mdframed Info: mdframed works in twoside mode on input line 264.
[9]
Package mdframed Info: mdframed works in twoside mode on input line 265.
Package mdframed Info: mdframed works in twoside mode on input line 266.
Package mdframed Info: mdframed works in twoside mode on input line 268.

Chapter 2.
[10
pdfTeX warning (ext4): destination with the same identifier (name{figure.1.1}) has been already used, duplicate ignored
<argument> ...shipout:D \box_use:N \l_shipout_box 
                                                  \__shipout_drop_firstpage_...
l.325 \]
        ]
Package mdframed Info: mdframed works in twoside mode on input line 347.
Package mdframed Info: mdframed works in twoside mode on input line 359.
<assets/krachtenOpStilstaandblok.png, id=684, 723.45282pt x 234.8775pt>
File: assets/krachtenOpStilstaandblok.png Graphic file (type png)
<use assets/krachtenOpStilstaandblok.png>
Package pdftex.def Info: assets/krachtenOpStilstaandblok.png  used on input line 363.
(pdftex.def)             Requested size: 364.19667pt x 118.24126pt.
 [11
pdfTeX warning (ext4): destination with the same identifier (name{figure.2.1}) has been already used, duplicate ignored
<argument> ...shipout:D \box_use:N \l_shipout_box 
                                                  \__shipout_drop_firstpage_...
l.377 \]
         <./assets/krachtenOpStilstaandblok.png>]
Overfull \hbox (6.84586pt too wide) in paragraph at lines 427--430
\T1/cmr/bx/n/10.95 Gegeven: \T1/cmr/m/n/10.95 Een duiker bevindt zich op $\OT1/cmr/m/n/10.95 20 \OML/cmm/m/it/10.95 m$ \T1/cmr/m/n/10.95 diepte in zeewater ($\OML/cmm/m/it/10.95 ^^Z \OT1/cmr/m/n/10.95 = 1025 \OML/cmm/m/it/10.95 kg=m[]$\T1/cmr/m/n/10.95 ). De atmosferische
 []

[12]
<assets/hydrostatic_pressure.jpg, id=696, 353.82187pt x 318.43968pt>
File: assets/hydrostatic_pressure.jpg Graphic file (type jpg)
<use assets/hydrostatic_pressure.jpg>
Package pdftex.def Info: assets/hydrostatic_pressure.jpg  used on input line 442.
(pdftex.def)             Requested size: 182.09486pt x 163.88893pt.
<assets/wikipedia/manometer_utube_pd_500.png, id=697, 501.875pt x 837.1275pt>
File: assets/wikipedia/manometer_utube_pd_500.png Graphic file (type png)
<use assets/wikipedia/manometer_utube_pd_500.png>
Package pdftex.def Info: assets/wikipedia/manometer_utube_pd_500.png  used on input line 449.
(pdftex.def)             Requested size: 136.57462pt x 227.80296pt.
 [13
pdfTeX warning (ext4): destination with the same identifier (name{figure.2.2}) has been already used, duplicate ignored
<argument> ...shipout:D \box_use:N \l_shipout_box 
                                                  \__shipout_drop_firstpage_...
l.465     \item B
                 reedte: $b$
pdfTeX warning (ext4): destination with the same identifier (name{figure.2.3}) has been already used, duplicate ignored
<argument> ...shipout:D \box_use:N \l_shipout_box 
                                                  \__shipout_drop_firstpage_...
l.465     \item B
                 reedte: $b$ <./assets/hydrostatic_pressure.jpg> <./assets/wikipedia/manometer_utube_pd_500.png>]
Overfull \hbox (2.44482pt too wide) in paragraph at lines 480--482
[]\T1/cmr/bx/n/10.95 Aangrijpingspunt (Center of Pressure): \T1/cmr/m/n/10.95 Het moment van de drukkracht om de bovenkant
 []

[14]
Overfull \hbox (20.19835pt too wide) in paragraph at lines 534--535
\T1/cmr/m/n/10.95 Bij een externe overdruk $\OML/cmm/m/it/10.95 P[]$ \T1/cmr/m/n/10.95 (zoals in een drukvat) kan men werken met een equivalente vloeistofhoogte
 []

<assets/submerged_plane.png, id=711, 691.821pt x 494.064pt>
File: assets/submerged_plane.png Graphic file (type png)
<use assets/submerged_plane.png>
Package pdftex.def Info: assets/submerged_plane.png  used on input line 551.
(pdftex.def)             Requested size: 364.19667pt x 260.0886pt.

Underfull \vbox (badness 10000) has occurred while \output is active []

 [15]

Package hyperref Warning: Token not allowed in a PDF string (Unicode):
(hyperref)                removing `math shift' on input line 559.


Package hyperref Warning: Token not allowed in a PDF string (Unicode):
(hyperref)                removing `subscript' on input line 559.


Package hyperref Warning: Token not allowed in a PDF string (Unicode):
(hyperref)                removing `math shift' on input line 559.


Package hyperref Warning: Token not allowed in a PDF string (Unicode):
(hyperref)                removing `math shift' on input line 566.


Package hyperref Warning: Token not allowed in a PDF string (Unicode):
(hyperref)                removing `subscript' on input line 566.


Package hyperref Warning: Token not allowed in a PDF string (Unicode):
(hyperref)                removing `math shift' on input line 566.


Overfull \hbox (11.94672pt too wide) in paragraph at lines 581--582
\T1/cmr/m/n/10.95 Het principe van Archimedes stelt dat een ondergedompeld lichaam een opwaartse kracht ondervindt
 []

[16
pdfTeX warning (ext4): destination with the same identifier (name{figure.2.4}) has been already used, duplicate ignored
<argument> ...shipout:D \box_use:N \l_shipout_box 
                                                  \__shipout_drop_firstpage_...
l.589 
       <./assets/submerged_plane.png>]
<assets/wikipedia/buoyancy_cc_by_sa_960.png, id=722, 963.6pt x 1208.515pt>
File: assets/wikipedia/buoyancy_cc_by_sa_960.png Graphic file (type png)
<use assets/wikipedia/buoyancy_cc_by_sa_960.png>
Package pdftex.def Info: assets/wikipedia/buoyancy_cc_by_sa_960.png  used on input line 612.
(pdftex.def)             Requested size: 136.57462pt x 171.2747pt.

Chapter 3.
[17
pdfTeX warning (ext4): destination with the same identifier (name{figure.2.5}) has been already used, duplicate ignored
<argument> ...shipout:D \box_use:N \l_shipout_box 
                                                  \__shipout_drop_firstpage_...
l.630     \item \textbf
                       {Euleriaanse beschrijving:} We beschrijven het snelhe... <./assets/wikipedia/buoyancy_cc_by_sa_960.png>]
Package mdframed Info: mdframed works in twoside mode on input line 633.
Package mdframed Info: mdframed works in twoside mode on input line 634.
 [18
pdfTeX warning (ext4): destination with the same identifier (name{figure.3.1}) has been already used, duplicate ignored
<argument> ...shipout:D \box_use:N \l_shipout_box 
                                                  \__shipout_drop_firstpage_...
l.689 \]
        ]
Chapter 4.

Overfull \hbox (31.61453pt too wide) in paragraph at lines 697--697
|[]\T1/cmr/bx/n/20.74 Fluïdumdynamica: De Bewegingsvergelijkingen| 
 []

<assets/slides/01_Continuity_and_Momentum_equations_no_gravity.png, id=734, 560.0925pt x 356.83313pt>
File: assets/slides/01_Continuity_and_Momentum_equations_no_gravity.png Graphic file (type png)
<use assets/slides/01_Continuity_and_Momentum_equations_no_gravity.png>
Package pdftex.def Info: assets/slides/01_Continuity_and_Momentum_equations_no_gravity.png  used on input line 717.
(pdftex.def)             Requested size: 364.19667pt x 232.03677pt.
[19
pdfTeX warning (ext4): destination with the same identifier (name{figure.4.1}) has been already used, duplicate ignored
<argument> ...shipout:D \box_use:N \l_shipout_box 
                                                  \__shipout_drop_firstpage_...
l.747 
       <./assets/slides/01_Continuity_and_Momentum_equations_no_gravity.png>]
Overfull \hbox (4.29378pt too wide) in paragraph at lines 798--800
\T1/cmr/m/n/10.95 We vermenigvuldigen elke term van de Euler vergelijking scalair met een infinitesimale verplaatsing
 []

[20
pdfTeX warning (ext4): destination with the same identifier (name{figure.4.2}) has been already used, duplicate ignored
<argument> ...shipout:D \box_use:N \l_shipout_box 
                                                  \__shipout_drop_firstpage_...
l.802 \]
        
pdfTeX warning (ext4): destination with the same identifier (name{figure.4.3}) has been already used, duplicate ignored
<argument> ...shipout:D \box_use:N \l_shipout_box 
                                                  \__shipout_drop_firstpage_...
l.802 \]
        ] [21]
<assets/slides/03_Pressure_drop_measurement_with_differential_manometer.png, id=756, 479.54156pt x 588.69937pt>
File: assets/slides/03_Pressure_drop_measurement_with_differential_manometer.png Graphic file (type png)
<use assets/slides/03_Pressure_drop_measurement_with_differential_manometer.png>
Package pdftex.def Info: assets/slides/03_Pressure_drop_measurement_with_differential_manometer.png  used on input line 875.
(pdftex.def)             Requested size: 182.09486pt x 223.54639pt.
<assets/wikipedia/venturi_pd.png, id=757, 610.9224pt x 299.6796pt>
File: assets/wikipedia/venturi_pd.png Graphic file (type png)
<use assets/wikipedia/venturi_pd.png>
Package pdftex.def Info: assets/wikipedia/venturi_pd.png  used on input line 882.
(pdftex.def)             Requested size: 364.19667pt x 178.65222pt.
 [22
pdfTeX warning (ext4): destination with the same identifier (name{figure.4.4}) has been already used, duplicate ignored
<argument> ...shipout:D \box_use:N \l_shipout_box 
                                                  \__shipout_drop_firstpage_...
l.885 
       <./assets/slides/03_Pressure_drop_measurement_with_differential_manometer.png>]
Chapter 5.
<assets/Behoud van massa.png, id=768, 542.77782pt x 321.45094pt>
File: assets/Behoud van massa.png Graphic file (type png)
<use assets/Behoud van massa.png>
Package pdftex.def Info: assets/Behoud van massa.png  used on input line 931.
(pdftex.def)             Requested size: 273.14923pt x 161.77472pt.
[23
pdfTeX warning (ext4): destination with the same identifier (name{figure.4.5}) has been already used, duplicate ignored
<argument> ...shipout:D \box_use:N \l_shipout_box 
                                                  \__shipout_drop_firstpage_...
l.933 \end{figure}
                   <./assets/wikipedia/venturi_pd.png>]
<assets/viscous vloeistof.png, id=775, 558.58687pt x 400.49625pt>
File: assets/viscous vloeistof.png Graphic file (type png)
<use assets/viscous vloeistof.png>
Package pdftex.def Info: assets/viscous vloeistof.png  used on input line 947.
(pdftex.def)             Requested size: 273.14923pt x 195.84766pt.
 [24
pdfTeX warning (ext4): destination with the same identifier (name{figure.5.1}) has been already used, duplicate ignored
<argument> ...shipout:D \box_use:N \l_shipout_box 
                                                  \__shipout_drop_firstpage_...
l.956 \]
        
pdfTeX warning (ext4): destination with the same identifier (name{figure.5.2}) has been already used, duplicate ignored
<argument> ...shipout:D \box_use:N \l_shipout_box 
                                                  \__shipout_drop_firstpage_...
l.956 \]
         <./assets/Behoud van massa.png> <./assets/viscous vloeistof.png>]
Overfull \hbox (8.95244pt too wide) in paragraph at lines 973--974
[]\T1/cmr/bx/n/10.95 Drukkrachten: \T1/cmr/m/n/10.95 Netto kracht door drukverschillen op de oppervlakken (normaalspanningen).
 []


Overfull \hbox (10.0167pt too wide) in paragraph at lines 978--979
[]\T1/cmr/m/n/10.95 De netto viskeuze kracht per volume-eenheid is de divergentie van de viskeuze spanningstensor.
 []


Overfull \hbox (15.87315pt too wide) in paragraph at lines 993--996
\T1/cmr/m/n/10.95 Vergelijkbare vergelijkingen gelden voor de y- en z-richtingen. Samen met de continuïteitsvergelijking
 []

<assets/control_volume.png, id=784, 1027.84pt x 553.06625pt>
File: assets/control_volume.png Graphic file (type png)
<use assets/control_volume.png>
Package pdftex.def Info: assets/control_volume.png  used on input line 999.
(pdftex.def)             Requested size: 273.14923pt x 146.97537pt.
[25] [26
pdfTeX warning (ext4): destination with the same identifier (name{figure.5.3}) has been already used, duplicate ignored
<argument> ...shipout:D \box_use:N \l_shipout_box 
                                                  \__shipout_drop_firstpage_...
l.1059     \item B
                  ij $y=a$: $u(a) = U_p$ (snelheid van bovenste plaat)
pdfTeX warning (ext4): destination with the same identifier (name{figure.5.4}) has been already used, duplicate ignored
<argument> ...shipout:D \box_use:N \l_shipout_box 
                                                  \__shipout_drop_firstpage_...
l.1059     \item B
                  ij $y=a$: $u(a) = U_p$ (snelheid van bovenste plaat) <./assets/control_volume.png>]
Underfull \hbox (badness 1259) in paragraph at lines 1115--1115
[]\T1/cmr/m/n/10.95 Figure 5.5: []Snelheidsprofiel voor Couette-Poiseuille stroming tussen vaste platen. De
 []

[27
pdfTeX warning (ext4): destination with the same identifier (name{figure.5.5}) has been already used, duplicate ignored
<argument> ...shipout:D \box_use:N \l_shipout_box 
                                                  \__shipout_drop_firstpage_...
l.1166 
       ]
<assets/hagen_poiseuille.png, id=802, 602.25pt x 263.48438pt>
File: assets/hagen_poiseuille.png Graphic file (type png)
<use assets/hagen_poiseuille.png>
Package pdftex.def Info: assets/hagen_poiseuille.png  used on input line 1201.
(pdftex.def)             Requested size: 318.66948pt x 139.4209pt.
 [28
pdfTeX warning (ext4): destination with the same identifier (name{figure.5.6}) has been already used, duplicate ignored
<argument> ...shipout:D \box_use:N \l_shipout_box 
                                                  \__shipout_drop_firstpage_...
l.1205 
       ]
Chapter 6.

Overfull \hbox (26.80609pt too wide) in paragraph at lines 1209--1210
\T1/cmr/m/n/10.95 Het Reynolds getal is een dimensieloze parameter die de verhouding tussen traagheids of inertiekrachten
 []

Package mdframed Info: mdframed works in twoside mode on input line 1222.
Package mdframed Info: mdframed works in twoside mode on input line 1223.
<assets/laminar_turbulent.png, id=808, 289.08pt x 408.77719pt>
File: assets/laminar_turbulent.png Graphic file (type png)
<use assets/laminar_turbulent.png>
Package pdftex.def Info: assets/laminar_turbulent.png  used on input line 1235.
(pdftex.def)             Requested size: 273.14923pt x 386.27153pt.
[29
pdfTeX warning (ext4): destination with the same identifier (name{figure.5.7}) has been already used, duplicate ignored
<argument> ...shipout:D \box_use:N \l_shipout_box 
                                                  \__shipout_drop_firstpage_...
l.1239 
        <./assets/hagen_poiseuille.png>] [30
pdfTeX warning (ext4): destination with the same identifier (name{figure.6.1}) has been already used, duplicate ignored
<argument> ...shipout:D \box_use:N \l_shipout_box 
                                                  \__shipout_drop_firstpage_...
l.1296 \]
         
pdfTeX warning (ext4): destination with the same identifier (name{figure.6.2}) has been already used, duplicate ignored
<argument> ...shipout:D \box_use:N \l_shipout_box 
                                                  \__shipout_drop_firstpage_...
l.1296 \]
          <./assets/laminar_turbulent.png>]
<assets/moody_diagram.png, id=823, 2569.6pt x 1589.94pt>
File: assets/moody_diagram.png Graphic file (type png)
<use assets/moody_diagram.png>
Package pdftex.def Info: assets/moody_diagram.png  used on input line 1346.
(pdftex.def)             Requested size: 364.19667pt x 225.33151pt.
 [31]
Overfull \hbox (6.16469pt too wide) in paragraph at lines 1374--1375
\T1/cmr/m/n/10.95 In leidingsystemen wordt het totale energieverlies (head loss, $\OML/cmm/m/it/10.95 h[]$\T1/cmr/m/n/10.95 ) onderverdeeld in twee categorieën: 
 []

[32
pdfTeX warning (ext4): destination with the same identifier (name{figure.6.3}) has been already used, duplicate ignored
<argument> ...shipout:D \box_use:N \l_shipout_box 
                                                  \__shipout_drop_firstpage_...
l.1381 ...section{Minor Losses (Lokale Verliezen)}
                                                   <./assets/moody_diagram.png>]
Overfull \hbox (14.65169pt too wide) in paragraph at lines 1382--1383
\T1/cmr/m/n/10.95 Dit zijn verliezen die optreden bij componenten zoals bochten, afsluiters, vernauwingen, verwijdingen
 []

[33
pdfTeX warning (ext4): destination with the same identifier (name{figure.6.4}) has been already used, duplicate ignored
<argument> ...shipout:D \box_use:N \l_shipout_box 
                                                  \__shipout_drop_firstpage_...
l.1440 \end{itemize}
                    ] [34
pdfTeX warning (ext4): destination with the same identifier (name{figure.6.5}) has been already used, duplicate ignored
<argument> ...shipout:D \box_use:N \l_shipout_box 
                                                  \__shipout_drop_firstpage_...
l.1499 ...qrt{15.95} \approx 3.99\,\mathrm{m/s} \]
                                                  ]
Overfull \hbox (12.20459pt too wide) in paragraph at lines 1532--1533
[]\T1/cmr/bx/n/10.95 Update $\OML/cmm/m/it/10.95 f$\T1/cmr/bx/n/10.95 : \T1/cmr/m/n/10.95 Gebruik het nieuwe Reynoldsgetal en het Moody-diagram (of Colebrook/Haaland)
 []


Overfull \hbox (21.23796pt too wide) in paragraph at lines 1539--1540
[]\T1/cmr/bx/n/10.95 Weerstand (Drag, $\OML/cmm/m/it/10.95 F[]$\T1/cmr/bx/n/10.95 ): \T1/cmr/m/n/10.95 De krachtcomponent evenwijdig aan de stromingsrichting (remmend). 
 []

[35]
Overfull \hbox (12.45607pt too wide) in paragraph at lines 1564--1565
[]\T1/cmr/m/n/10.95 Hoe abrupter de stroming verandert (bijv. bij stompe voorwerpen), hoe groter de drukverschillen
 []

<assets/drag_coefficient.png, id=859, 912.40875pt x 563.85657pt>
File: assets/drag_coefficient.png Graphic file (type png)
<use assets/drag_coefficient.png>
Package pdftex.def Info: assets/drag_coefficient.png  used on input line 1589.
(pdftex.def)             Requested size: 227.62206pt x 140.66266pt.

Underfull \vbox (badness 3108) has occurred while \output is active []

 [36
pdfTeX warning (ext4): destination with the same identifier (name{figure.6.6}) has been already used, duplicate ignored
<argument> ...shipout:D \box_use:N \l_shipout_box 
                                                  \__shipout_drop_firstpage_...
l.1593 A
        ls je vliegtuigen bouwt wil je dat $C_L$ zo groot mogelijk is en dat...
pdfTeX warning (ext4): destination with the same identifier (name{figure.6.7}) has been already used, duplicate ignored
<argument> ...shipout:D \box_use:N \l_shipout_box 
                                                  \__shipout_drop_firstpage_...
l.1593 A
        ls je vliegtuigen bouwt wil je dat $C_L$ zo groot mogelijk is en dat...]
<assets/Lift.png, id=868, 2569.6pt x 1230.5975pt>
File: assets/Lift.png Graphic file (type png)
<use assets/Lift.png>
Package pdftex.def Info: assets/Lift.png  used on input line 1617.
(pdftex.def)             Requested size: 273.14923pt x 130.80324pt.

Underfull \vbox (badness 1701) has occurred while \output is active []

 [37
pdfTeX warning (ext4): destination with the same identifier (name{figure.6.8}) has been already used, duplicate ignored
<argument> ...shipout:D \box_use:N \l_shipout_box 
                                                  \__shipout_drop_firstpage_...
l.1620 
        <./assets/drag_coefficient.png>]
Underfull \vbox (badness 1005) has occurred while \output is active []

 [38
pdfTeX warning (ext4): destination with the same identifier (name{figure.6.9}) has been already used, duplicate ignored
<argument> ...shipout:D \box_use:N \l_shipout_box 
                                                  \__shipout_drop_firstpage_...
l.1684 
        <./assets/Lift.png>] [39
pdfTeX warning (ext4): destination with the same identifier (name{figure.6.10}) has been already used, duplicate ignored
<argument> ...shipout:D \box_use:N \l_shipout_box 
                                                  \__shipout_drop_firstpage_...
l.1727 \textbf{Oplossing:}
                          ] [40]
Overfull \hbox (4.93013pt too wide) in paragraph at lines 1795--1797
[]\T1/cmr/bx/n/10.95 Weerstandskracht: \T1/cmr/m/n/10.95 Het frontaal oppervlak van een bol: $\OML/cmm/m/it/10.95 A \OT1/cmr/m/n/10.95 = [] = [] \OMS/cmsy/m/n/10.95 ^^Y \OT1/cmr/m/n/10.95 0\OML/cmm/m/it/10.95 :\OT1/cmr/m/n/10.95 00332 \OML/cmm/m/it/10.95 m[]$ 
 []

[41] [42] [43

]
Chapter 7.
Package mdframed Info: mdframed works in twoside mode on input line 1831.
Package mdframed Info: mdframed works in twoside mode on input line 1832.
Package mdframed Info: mdframed works in twoside mode on input line 1833.
Package mdframed Info: mdframed works in twoside mode on input line 1834.
[44
pdfTeX warning (ext4): destination with the same identifier (name{figure.7.1}) has been already used, duplicate ignored
<argument> ...shipout:D \box_use:N \l_shipout_box 
                                                  \__shipout_drop_firstpage_...
l.1865 B
        elangrijke concepten zijn ook de specifieke eigenschappen, die de ei...]
Overfull \hbox (3.51353pt too wide) in paragraph at lines 1886--1887
[]\T1/cmr/bx/n/10.95 Adiabatisch: \T1/cmr/m/n/10.95 Er is geen warmte-uitwisseling met de omgeving ($\OML/cmm/m/it/10.95 Q \OT1/cmr/m/n/10.95 = 0$\T1/cmr/m/n/10.95 ). Let op: adiabatisch
 []


Overfull \hbox (14.28908pt too wide) in paragraph at lines 1888--1889
\T1/cmr/m/n/10.95 Een cyclus is een proces (of reeks processen) waarbij de eindtoestand identiek is aan de begintoestand.
 []

Chapter 8.

Overfull \hbox (9.622pt too wide) in paragraph at lines 1890--1890
|[]\T1/cmr/bx/n/20.74 De Eerste Hoofdwet van de Thermodynamica:
 []

<assets/slides/08_Closed_system_with_heat_and_work_transfer.png, id=926, 399.74344pt x 289.08pt>
File: assets/slides/08_Closed_system_with_heat_and_work_transfer.png Graphic file (type png)
<use assets/slides/08_Closed_system_with_heat_and_work_transfer.png>
Package pdftex.def Info: assets/slides/08_Closed_system_with_heat_and_work_transfer.png  used on input line 1893.
(pdftex.def)             Requested size: 182.09486pt x 131.68597pt.
[45
pdfTeX warning (ext4): destination with the same identifier (name{figure.8.1}) has been already used, duplicate ignored
<argument> ...shipout:D \box_use:N \l_shipout_box 
                                                  \__shipout_drop_firstpage_...
l.1897 \[
          <./assets/slides/08_Closed_system_with_heat_and_work_transfer.png>]
Overfull \hbox (3.44118pt too wide) in paragraph at lines 1910--1911
[]\T1/cmr/bx/n/10.95 Microscopische energie (Interne energie, $\OML/cmm/m/it/10.95 U$\T1/cmr/bx/n/10.95 ): \T1/cmr/m/n/10.95 Gerelateerd aan de moleculaire structuur
 []


Overfull \hbox (38.46248pt too wide) in paragraph at lines 1917--1918
\T1/cmr/m/n/10.95 adiabatisch. De hoeveelheid warmteoverdracht per tijdseenheid noemen we het warmtestroomdebiet
 []


Overfull \hbox (31.12677pt too wide) in paragraph at lines 1918--1919
\T1/cmr/m/n/10.95 zijn. Voorbeelden zijn een draaiende as (as-arbeid), een stijgende zuiger (grensverplaatsingsarbeid)
 []

[46]
<assets/slides/14_Control_volume_with_mass_flow.png, id=937, 279.29344pt x 329.73187pt>
File: assets/slides/14_Control_volume_with_mass_flow.png Graphic file (type png)
<use assets/slides/14_Control_volume_with_mass_flow.png>
Package pdftex.def Info: assets/slides/14_Control_volume_with_mass_flow.png  used on input line 1986.
(pdftex.def)             Requested size: 182.09486pt x 214.98729pt.

Underfull \vbox (badness 7759) has occurred while \output is active []

 [47
pdfTeX warning (ext4): destination with the same identifier (name{figure.8.2}) has been already used, duplicate ignored
<argument> ...shipout:D \box_use:N \l_shipout_box 
                                                  \__shipout_drop_firstpage_...
l.1989 B
        ij open systemen stroomt massa de grenzen over.]
Overfull \hbox (20.60373pt too wide) in paragraph at lines 2007--2011
[]\T1/cmr/m/n/10.95 Voor een stationair stromingsproces (steady-flow), waarbij de eigenschappen in het controlevolume
 []

[48
pdfTeX warning (ext4): destination with the same identifier (name{figure.8.3}) has been already used, duplicate ignored
<argument> ...shipout:D \box_use:N \l_shipout_box 
                                                  \__shipout_drop_firstpage_...
l.2047 
        <./assets/slides/14_Control_volume_with_mass_flow.png>]
Chapter 9.
[49
pdfTeX warning (ext4): destination with the same identifier (name{figure.8.4}) has been already used, duplicate ignored
<argument> ...shipout:D \box_use:N \l_shipout_box 
                                                  \__shipout_drop_firstpage_...
l.2090 
       ]
Overfull \hbox (14.0129pt too wide) in paragraph at lines 2097--2098
[]\T1/cmr/bx/n/10.95 Oververhitte damp (superheated vapor): \T1/cmr/m/n/10.95 Damp die niet op het punt staat te condenseren
 []

<assets/slides/05_T-v_diagram_of_phase-change_processes.png, id=955, 835.62187pt x 453.94594pt>
File: assets/slides/05_T-v_diagram_of_phase-change_processes.png Graphic file (type png)
<use assets/slides/05_T-v_diagram_of_phase-change_processes.png>
Package pdftex.def Info: assets/slides/05_T-v_diagram_of_phase-change_processes.png  used on input line 2126.
(pdftex.def)             Requested size: 273.14923pt x 148.38957pt.
[50]
<assets/slides/06_T-v_diagram_of_a_pure_substance.png, id=960, 453.19313pt x 415.5525pt>
File: assets/slides/06_T-v_diagram_of_a_pure_substance.png Graphic file (type png)
<use assets/slides/06_T-v_diagram_of_a_pure_substance.png>
Package pdftex.def Info: assets/slides/06_T-v_diagram_of_a_pure_substance.png  used on input line 2132.
(pdftex.def)             Requested size: 182.09486pt x 166.96626pt.
 [51
pdfTeX warning (ext4): destination with the same identifier (name{figure.9.1}) has been already used, duplicate ignored
<argument> ...shipout:D \box_use:N \l_shipout_box 
                                                  \__shipout_drop_firstpage_...
l.2160 \[
         
pdfTeX warning (ext4): destination with the same identifier (name{figure.9.2}) has been already used, duplicate ignored
<argument> ...shipout:D \box_use:N \l_shipout_box 
                                                  \__shipout_drop_firstpage_...
l.2160 \[
          <./assets/slides/05_T-v_diagram_of_phase-change_processes.png> <./assets/slides/06_T-v_diagram_of_a_pure_substance.png>]
Package mdframed Info: mdframed works in twoside mode on input line 2163.
Package mdframed Info: mdframed works in twoside mode on input line 2164.

Overfull \hbox (1.76982pt too wide) in paragraph at lines 2165--2166
\T1/cmr/m/n/10.95 Hierin is $\OML/cmm/m/it/10.95 R$ \T1/cmr/m/n/10.95 de specifieke gasconstante, die verschilt per gas ($\OML/cmm/m/it/10.95 R \OT1/cmr/m/n/10.95 = \OML/cmm/m/it/10.95 R[]=M$\T1/cmr/m/n/10.95 , met $\OML/cmm/m/it/10.95 R[] \OT1/cmr/m/n/10.95 = 8\OML/cmm/m/it/10.95 :\OT1/cmr/m/n/10.95 314 \OML/cmm/m/it/10.95 kJ=kmol \OMS/cmsy/m/n/10.95 ^^A
 []

Package mdframed Info: mdframed works in twoside mode on input line 2173.
Package mdframed Info: mdframed works in twoside mode on input line 2174.
Chapter 10.

Overfull \hbox (7.66116pt too wide) in paragraph at lines 2189--2191
\T1/cmr/m/n/10.95 Irreversibiliteiten zoals wrijving, menging en warmteoverdracht over een eindig temperatuurverschil
 []

[52]
Package mdframed Info: mdframed works in twoside mode on input line 2206.
<assets/slides/25_Reversible_vs_irreversible_process_on_T-S_diagram.png, id=973, 292.09125pt x 258.21469pt>
File: assets/slides/25_Reversible_vs_irreversible_process_on_T-S_diagram.png Graphic file (type png)
<use assets/slides/25_Reversible_vs_irreversible_process_on_T-S_diagram.png>
Package pdftex.def Info: assets/slides/25_Reversible_vs_irreversible_process_on_T-S_diagram.png  used on input line 2223.
(pdftex.def)             Requested size: 182.09486pt x 160.98189pt.
 [53
pdfTeX warning (ext4): destination with the same identifier (name{figure.10.1}) has been already used, duplicate ignored
<argument> ...shipout:D \box_use:N \l_shipout_box 
                                                  \__shipout_drop_firstpage_...
l.2246         	\textbf{Gevraagd:}
                                   Bepaal $\Delta S$ van het water.
pdfTeX warning (ext4): destination with the same identifier (name{figure.10.2}) has been already used, duplicate ignored
<argument> ...shipout:D \box_use:N \l_shipout_box 
                                                  \__shipout_drop_firstpage_...
l.2246         	\textbf{Gevraagd:}
                                   Bepaal $\Delta S$ van het water. <./assets/slides/25_Reversible_vs_irreversible_process_on_T-S_diagram.png>]
Overfull \hbox (17.81618pt too wide) in paragraph at lines 2273--2274
\T1/cmr/m/n/10.95 Net als massa en energie, kan entropie een controle volume binnenkomen of verlaten via massastromen
 []

<assets/slides/26_h-s_diagram_for_actual_and_isentropic_process_of_a_turbine.png, id=981, 338.01282pt x 297.36093pt>
File: assets/slides/26_h-s_diagram_for_actual_and_isentropic_process_of_a_turbine.png Graphic file (type png)
<use assets/slides/26_h-s_diagram_for_actual_and_isentropic_process_of_a_turbine.png>
Package pdftex.def Info: assets/slides/26_h-s_diagram_for_actual_and_isentropic_process_of_a_turbine.png  used on input line 2302.
(pdftex.def)             Requested size: 182.09486pt x 160.20044pt.
[54]
Overfull \hbox (13.00893pt too wide) in paragraph at lines 2313--2314
\T1/cmr/m/n/10.95 Een nozzle zet druk om in kinetische energie. Rendement: $\OML/cmm/m/it/10.95 ^^Q[] \OT1/cmr/m/n/10.95 = [] =
 []

Chapter 11.

Overfull \hbox (42.9902pt too wide) in paragraph at lines 2319--2323
\T1/cmr/m/n/10.95 oorspronkelijke toestand. Cycli worden in alle moderne machines (motoren, compressoren, warmtepompen,
 []

<assets/slides/16_Heat_engine.png, id=986, 188.20313pt x 277.035pt>
File: assets/slides/16_Heat_engine.png Graphic file (type png)
<use assets/slides/16_Heat_engine.png>
Package pdftex.def Info: assets/slides/16_Heat_engine.png  used on input line 2336.
(pdftex.def)             Requested size: 136.57462pt x 201.05025pt.

Underfull \hbox (badness 1087) in paragraph at lines 2337--2337
[]\T1/cmr/m/n/10.95 Figure 11.1: []Schematische
 []


Underfull \hbox (badness 10000) in paragraph at lines 2337--2337
\T1/cmr/m/n/10.95 weergave van een
 []

<assets/slides/21_Thermal_efficiency_of_a_heat_engine.png, id=987, 453.94594pt x 326.72063pt>
File: assets/slides/21_Thermal_efficiency_of_a_heat_engine.png Graphic file (type png)
<use assets/slides/21_Thermal_efficiency_of_a_heat_engine.png>
Package pdftex.def Info: assets/slides/21_Thermal_efficiency_of_a_heat_engine.png  used on input line 2343.
(pdftex.def)             Requested size: 136.57462pt x 98.29611pt.
[55
pdfTeX warning (ext4): destination with the same identifier (name{figure.10.3}) has been already used, duplicate ignored
<argument> ...shipout:D \box_use:N \l_shipout_box 
                                                  \__shipout_drop_firstpage_...
l.2346 \end{figure}
                    <./assets/slides/26_h-s_diagram_for_actual_and_isentropic_process_of_a_turbine.png>]
<assets/slides/24_P-V_diagrams_for_reversed_and_regular_Carnot_cycle.png, id=995, 806.26219pt x 310.15875pt>
File: assets/slides/24_P-V_diagrams_for_reversed_and_regular_Carnot_cycle.png Graphic file (type png)
<use assets/slides/24_P-V_diagrams_for_reversed_and_regular_Carnot_cycle.png>
Package pdftex.def Info: assets/slides/24_P-V_diagrams_for_reversed_and_regular_Carnot_cycle.png  used on input line 2354.
(pdftex.def)             Requested size: 227.62206pt x 87.56322pt.

Underfull \vbox (badness 10000) has occurred while \output is active []

 [56
pdfTeX warning (ext4): destination with the same identifier (name{figure.11.1}) has been already used, duplicate ignored
<argument> ...shipout:D \box_use:N \l_shipout_box 
                                                  \__shipout_drop_firstpage_...
l.2364 
       
pdfTeX warning (ext4): destination with the same identifier (name{figure.11.2}) has been already used, duplicate ignored
<argument> ...shipout:D \box_use:N \l_shipout_box 
                                                  \__shipout_drop_firstpage_...
l.2364 
       
pdfTeX warning (ext4): destination with the same identifier (name{figure.11.3}) has been already used, duplicate ignored
<argument> ...shipout:D \box_use:N \l_shipout_box 
                                                  \__shipout_drop_firstpage_...
l.2364 
        <./assets/slides/16_Heat_engine.png> <./assets/slides/21_Thermal_efficiency_of_a_heat_engine.png> <./assets/slides/24_P-V_diagrams_for_reversed_and_regular_Carnot_cycle.png>]
<assets/slides/23_Carnot_cycle_processes.png, id=1006, 688.82344pt x 380.92313pt>
File: assets/slides/23_Carnot_cycle_processes.png Graphic file (type png)
<use assets/slides/23_Carnot_cycle_processes.png>
Package pdftex.def Info: assets/slides/23_Carnot_cycle_processes.png  used on input line 2369.
(pdftex.def)             Requested size: 364.19667pt x 201.40004pt.

Overfull \hbox (18.15062pt too wide) in paragraph at lines 2381--2386
[]\T1/cmr/m/n/10.95 Het gas expandeert verder, maar nu zonder warmte-uitwisseling ($\OML/cmm/m/it/10.95 Q[] \OT1/cmr/m/n/10.95 = 0$\T1/cmr/m/n/10.95 ). De expansiearbeid
 []

[57
pdfTeX warning (ext4): destination with the same identifier (name{figure.11.4}) has been already used, duplicate ignored
<argument> ...shipout:D \box_use:N \l_shipout_box 
                                                  \__shipout_drop_firstpage_...
l.2412     \item H
                  et rendement hangt \textit{enkel} af van de absolute tempe... <./assets/slides/23_Carnot_cycle_processes.png>]
<assets/slides/29_P-v_and_T-s_diagrams_of_a_Carnot_cycle.png, id=1017, 295.1025pt x 645.91313pt>
File: assets/slides/29_P-v_and_T-s_diagrams_of_a_Carnot_cycle.png Graphic file (type png)
<use assets/slides/29_P-v_and_T-s_diagrams_of_a_Carnot_cycle.png>
Package pdftex.def Info: assets/slides/29_P-v_and_T-s_diagrams_of_a_Carnot_cycle.png  used on input line 2466.
(pdftex.def)             Requested size: 182.09486pt x 398.56969pt.
 [58]
<assets/slides/31_Actual_four-stroke_spark-ignition_engine.png, id=1022, 838.63312pt x 287.57437pt>
File: assets/slides/31_Actual_four-stroke_spark-ignition_engine.png Graphic file (type png)
<use assets/slides/31_Actual_four-stroke_spark-ignition_engine.png>
Package pdftex.def Info: assets/slides/31_Actual_four-stroke_spark-ignition_engine.png  used on input line 2497.
(pdftex.def)             Requested size: 364.19667pt x 124.88321pt.
 [59
pdfTeX warning (ext4): destination with the same identifier (name{figure.11.5}) has been already used, duplicate ignored
<argument> ...shipout:D \box_use:N \l_shipout_box 
                                                  \__shipout_drop_firstpage_...
l.2500 
        <./assets/slides/29_P-v_and_T-s_diagrams_of_a_Carnot_cycle.png>]
Overfull \hbox (2.15297pt too wide) in paragraph at lines 2506--2507
[]\T1/cmr/bx/n/10.95 Ontsteking en Expansieslag (2$\OMS/cmsy/m/n/10.95 !$\T1/cmr/bx/n/10.95 3$\OMS/cmsy/m/n/10.95 !$\T1/cmr/bx/n/10.95 4): \T1/cmr/m/n/10.95 De brandstof ontsnapt (vonk). Aan dit moment
 []


Overfull \hbox (2.23587pt too wide) in paragraph at lines 2508--2509
[]\T1/cmr/bx/n/10.95 Uitlaatslag (4$\OMS/cmsy/m/n/10.95 !$\T1/cmr/bx/n/10.95 1): \T1/cmr/m/n/10.95 Uitlaatklep opent, verbrandingsgassen stromen uit bij vrijwel constant
 []


Overfull \hbox (9.47655pt too wide) in paragraph at lines 2521--2522
[]\T1/cmr/m/n/10.95 Het rendement hangt af van de \T1/cmr/bx/n/10.95 compressieratio $\OML/cmm/m/it/10.95 r \OT1/cmr/m/n/10.95 = \OML/cmm/m/it/10.95 V[]=V[]$ \T1/cmr/m/n/10.95 en de soortelijke warmteverhouding
 []

<assets/slides/34_T-s_diagram_of_the_ideal_Otto_cycle.png, id=1029, 304.88907pt x 578.16pt>
File: assets/slides/34_T-s_diagram_of_the_ideal_Otto_cycle.png Graphic file (type png)
<use assets/slides/34_T-s_diagram_of_the_ideal_Otto_cycle.png>
Package pdftex.def Info: assets/slides/34_T-s_diagram_of_the_ideal_Otto_cycle.png  used on input line 2535.
(pdftex.def)             Requested size: 182.09486pt x 345.31953pt.
[60
pdfTeX warning (ext4): destination with the same identifier (name{figure.11.6}) has been already used, duplicate ignored
<argument> ...shipout:D \box_use:N \l_shipout_box 
                                                  \__shipout_drop_firstpage_...
l.2538 
        <./assets/slides/31_Actual_four-stroke_spark-ignition_engine.png>] [61
pdfTeX warning (ext4): destination with the same identifier (name{figure.11.7}) has been already used, duplicate ignored
<argument> ...shipout:D \box_use:N \l_shipout_box 
                                                  \__shipout_drop_firstpage_...
l.2576 
       
pdfTeX warning (ext4): destination with the same identifier (name{figure.11.8}) has been already used, duplicate ignored
<argument> ...shipout:D \box_use:N \l_shipout_box 
                                                  \__shipout_drop_firstpage_...
l.2576 
       
pdfTeX warning (ext4): destination with the same identifier (name{figure.11.9}) has been already used, duplicate ignored
<argument> ...shipout:D \box_use:N \l_shipout_box 
                                                  \__shipout_drop_firstpage_...
l.2576 
        <./assets/slides/34_T-s_diagram_of_the_ideal_Otto_cycle.png>]
Overfull \hbox (19.03911pt too wide) in paragraph at lines 2586--2587
[]\T1/cmr/bx/n/10.95 Condensor (4$\OMS/cmsy/m/n/10.95 !$\T1/cmr/bx/n/10.95 1): \T1/cmr/m/n/10.95 De natte stoom wordt isobaar gecondenseerd in een groot warmtewisselaar
 []

<assets/slides/20_Steam_power_plant_schematic.png, id=1053, 400.49625pt x 325.215pt>
File: assets/slides/20_Steam_power_plant_schematic.png Graphic file (type png)
<use assets/slides/20_Steam_power_plant_schematic.png>
Package pdftex.def Info: assets/slides/20_Steam_power_plant_schematic.png  used on input line 2608.
(pdftex.def)             Requested size: 386.96027pt x 314.24239pt.

Underfull \vbox (badness 1590) has occurred while \output is active []

 [62] [63
pdfTeX warning (ext4): destination with the same identifier (name{figure.11.10}) has been already used, duplicate ignored
<argument> ...shipout:D \box_use:N \l_shipout_box 
                                                  \__shipout_drop_firstpage_...
l.2663 
       
pdfTeX warning (ext4): destination with the same identifier (name{figure.11.11}) has been already used, duplicate ignored
<argument> ...shipout:D \box_use:N \l_shipout_box 
                                                  \__shipout_drop_firstpage_...
l.2663 
        <./assets/slides/20_Steam_power_plant_schematic.png>]
Overfull \hbox (4.59561pt too wide) in paragraph at lines 2690--2691
\T1/cmr/m/n/10.95 tegenwoordig meer vriendelijke stoffen als R-32, R-290). Het voordeel is dat deze stoffen ontworpen
 []

<assets/slides/22_Refrigerator_basic_operation.png, id=1070, 280.79906pt x 395.97937pt>
File: assets/slides/22_Refrigerator_basic_operation.png Graphic file (type png)
<use assets/slides/22_Refrigerator_basic_operation.png>
Package pdftex.def Info: assets/slides/22_Refrigerator_basic_operation.png  used on input line 2696.
(pdftex.def)             Requested size: 227.62206pt x 320.98926pt.

Underfull \hbox (badness 1490) in paragraph at lines 2697--2697
[]\T1/cmr/m/n/10.95 Figure 11.12: []Schematische weergave van een dampcompressie koelcyclus met de vier
 []


Underfull \vbox (badness 10000) has occurred while \output is active []

 [64] [65
pdfTeX warning (ext4): destination with the same identifier (name{figure.11.12}) has been already used, duplicate ignored
<argument> ...shipout:D \box_use:N \l_shipout_box 
                                                  \__shipout_drop_firstpage_...
l.2723 
        <./assets/slides/22_Refrigerator_basic_operation.png>]
<assets/slides/28_Actual_vs_ideal_cycle.png, id=1089, 338.76563pt x 456.95718pt>
File: assets/slides/28_Actual_vs_ideal_cycle.png Graphic file (type png)
<use assets/slides/28_Actual_vs_ideal_cycle.png>
Package pdftex.def Info: assets/slides/28_Actual_vs_ideal_cycle.png  used on input line 2768.
(pdftex.def)             Requested size: 182.09486pt x 245.6306pt.
 [66
pdfTeX warning (ext4): destination with the same identifier (name{figure.11.13}) has been already used, duplicate ignored
<argument> ...shipout:D \box_use:N \l_shipout_box 
                                                  \__shipout_drop_firstpage_...
l.2779     \item \textbf
                        {Milieu:} Oudere koelmiddelen (CFC's, HCFC's) bescha...
pdfTeX warning (ext4): destination with the same identifier (name{figure.11.14}) has been already used, duplicate ignored
<argument> ...shipout:D \box_use:N \l_shipout_box 
                                                  \__shipout_drop_firstpage_...
l.2779     \item \textbf
                        {Milieu:} Oudere koelmiddelen (CFC's, HCFC's) bescha... <./assets/slides/28_Actual_vs_ideal_cycle.png>]
File: assets/slides/25_Reversible_vs_irreversible_process_on_T-S_diagram.png Graphic file (type png)
<use assets/slides/25_Reversible_vs_irreversible_process_on_T-S_diagram.png>
Package pdftex.def Info: assets/slides/25_Reversible_vs_irreversible_process_on_T-S_diagram.png  used on input line 2812.
(pdftex.def)             Requested size: 182.09486pt x 160.98189pt.
 [67
pdfTeX warning (ext4): destination with the same identifier (name{figure.11.15}) has been already used, duplicate ignored
<argument> ...shipout:D \box_use:N \l_shipout_box 
                                                  \__shipout_drop_firstpage_...
l.2823     \item \textbf
                        {EfficiÃ«ntie:} $\eta_{turbine} = \frac{W_{real}}{W_...]
<assets/slides/27_h-s_diagram_for_actual_and_isentropic_process_of_a_compressor.png, id=1108, 361.35pt x 295.1025pt>
File: assets/slides/27_h-s_diagram_for_actual_and_isentropic_process_of_a_compressor.png Graphic file (type png)
<use assets/slides/27_h-s_diagram_for_actual_and_isentropic_process_of_a_compressor.png>
Package pdftex.def Info: assets/slides/27_h-s_diagram_for_actual_and_isentropic_process_of_a_compressor.png  used on input line 2828.
(pdftex.def)             Requested size: 364.19667pt x 297.42975pt.
 [68
pdfTeX warning (ext4): destination with the same identifier (name{figure.11.16}) has been already used, duplicate ignored
<argument> ...shipout:D \box_use:N \l_shipout_box 
                                                  \__shipout_drop_firstpage_...
l.2874 
        <./assets/slides/27_h-s_diagram_for_actual_and_isentropic_process_of_a_compressor.png>]
Overfull \hbox (11.79527pt too wide) in paragraph at lines 2911--2912
[]\T1/cmr/m/n/10.95 Dit geeft aan hoeveel percent van het ideale resultaat wordt bereikt ondanks onomkeerbaarheden. 
 []

[69
pdfTeX warning (ext4): destination with the same identifier (name{figure.11.17}) has been already used, duplicate ignored
<argument> ...shipout:D \box_use:N \l_shipout_box 
                                                  \__shipout_drop_firstpage_...
l.2925     \item $
                  s_f = 0,649\,\mathrm{kJ/(kg \cdot K)}$, $s_g = 8,150\,\mat...] [70] [71] [72]
Overfull \hbox (3.26753pt too wide) in paragraph at lines 3172--3173
[]\T1/cmr/m/n/10.95 Dit verlies moet worden gecompenseerd door een grotere massa-circulatie of hogere compressor-
 []

Chapter 12.

Overfull \hbox (39.45198pt too wide) in paragraph at lines 3175--3179
\T1/cmr/m/it/10.95 snel \T1/cmr/m/n/10.95 dat gebeurt. Warmteoverdracht bestudeert de \T1/cmr/bx/n/10.95 snelheid \T1/cmr/m/n/10.95 van energie-overdracht (warmtestroomdebiet
 []


Overfull \hbox (8.41475pt too wide) in paragraph at lines 3182--3183
[]\T1/cmr/bx/n/10.95 Conductie (geleiding): \T1/cmr/m/n/10.95 energie-overdracht door microscopische interacties in een materiaal. 
 []


Overfull \hbox (381.046pt too wide) detected at line 3204
[][] \OT1/cmr/m/n/10.95 = []\OML/cmm/m/it/10.95 ;  k \OT1/cmr/m/n/10.95 = []\OML/cmm/m/it/10.95 ;  h \OT1/cmr/m/n/10.95 = []\OML/cmm/m/it/10.95 ;  " \OT1/cmr/m/n/10.95 = []\OML/cmm/m/it/10.95 ;  ^^[ \OT1/cmr/m/n/10.95 = 5[]67 \OMS/cmsy/m/n/10.95 ^^B \OT1/cmr/m/n/10.95 10[] [] 
 []


Overfull \hbox (80.90628pt too wide) in paragraph at lines 3207--3213
\T1/cmr/m/n/10.95 snelheden. Deze verschillen worden berekent met de warmtegeleidingscoëfficiënt $\OML/cmm/m/it/10.95 k$\T1/cmr/m/n/10.95 . \T1/cmr/bx/n/10.95 warmtegeleidingscoëfficiënt
 []


Overfull \hbox (31.56764pt too wide) in paragraph at lines 3217--3221
\T1/cmr/m/n/10.95 Het minteken geeft aan dat warmte spontaan stroomt van \T1/cmr/m/it/10.95 warm \T1/cmr/m/n/10.95 naar \T1/cmr/m/it/10.95 koud\T1/cmr/m/n/10.95 . Q is het warmtestroomdebiet
 []

[73]
<assets/slides/35_Heat_transfer_through_a_plane_wall_and_thermal_resistance_network.png, id=1151, 494.59781pt x 497.60907pt>
File: assets/slides/35_Heat_transfer_through_a_plane_wall_and_thermal_resistance_network.png Graphic file (type png)
<use assets/slides/35_Heat_transfer_through_a_plane_wall_and_thermal_resistance_network.png>
Package pdftex.def Info: assets/slides/35_Heat_transfer_through_a_plane_wall_and_thermal_resistance_network.png  used on input line 3255.
(pdftex.def)             Requested size: 182.09486pt x 183.20132pt.

Overfull \hbox (6.83311pt too wide) in paragraph at lines 3265--3267
\T1/cmr/m/n/10.95 af van stromingsregime (laminair/turbulent), fluïdeigenschappen ($\OML/cmm/m/it/10.95 ^^Z; ^^V; k; c[]$\T1/cmr/m/n/10.95 ), karakteristieke lengte
 []

[74
pdfTeX warning (ext4): destination with the same identifier (name{figure.12.1}) has been already used, duplicate ignored
<argument> ...shipout:D \box_use:N \l_shipout_box 
                                                  \__shipout_drop_firstpage_...
l.3271     \item \textbf
                        {Natuurlijke (vrije) convectie:} stroming door dicht... <./assets/slides/35_Heat_transfer_through_a_plane_wall_and_thermal_resistance_network.png>]
Overfull \hbox (12.77016pt too wide) in paragraph at lines 3322--3325
\T1/cmr/m/n/10.95 Straling is energie-overdracht via elektromagnetische golven (fotonen). In tegenstelling tot conductie
 []

[75
pdfTeX warning (ext4): destination with the same identifier (name{figure.12.2}) has been already used, duplicate ignored
<argument> ...shipout:D \box_use:N \l_shipout_box 
                                                  \__shipout_drop_firstpage_...
l.3351 \]
         ] [76
pdfTeX warning (ext4): destination with the same identifier (name{figure.12.3}) has been already used, duplicate ignored
<argument> ...shipout:D \box_use:N \l_shipout_box 
                                                  \__shipout_drop_firstpage_...
l.3415 \end{align}
                  ] [77]
Overfull \hbox (70.8021pt too wide) in paragraph at lines 3529--3535
\T1/cmr/bx/n/10.95 Gegeven: \T1/cmr/m/n/10.95 Een verwarmde koppelenplaat in een werkplaats. Oppervlakte $\OML/cmm/m/it/10.95 A \OT1/cmr/m/n/10.95 = 0[]50 []$\T1/cmr/m/n/10.95 , oppervlaktetemperatuur
 []


Overfull \hbox (5.17862pt too wide) in paragraph at lines 3577--3578
[]\T1/cmr/bx/n/10.95 Opmerking: \T1/cmr/m/n/10.95 Bij deze relatief lage temperatuurverschillen ($\OT1/cmr/m/n/10.95 ^^A\OML/cmm/m/it/10.95 T \OT1/cmr/m/n/10.95 = 80 K$\T1/cmr/m/n/10.95 ) is straling al dominant
 []

[78
pdfTeX warning (ext4): destination with the same identifier (name{figure.12.4}) has been already used, duplicate ignored
<argument> ...shipout:D \box_use:N \l_shipout_box 
                                                  \__shipout_drop_firstpage_...
l.3611     \item B
                  innenoppervlak: convectie met $h_1=10\,\mathrm{W/(m^2\cdot...
pdfTeX warning (ext4): destination with the same identifier (name{figure.12.5}) has been already used, duplicate ignored
<argument> ...shipout:D \box_use:N \l_shipout_box 
                                                  \__shipout_drop_firstpage_...
l.3611     \item B
                  innenoppervlak: convectie met $h_1=10\,\mathrm{W/(m^2\cdot...]
<assets/slides/36_Heat_transfer_through_a_multilayer_plane_wall_and_thermal_resistance_network.png, id=1185, 357.58594pt x 466.74374pt>
File: assets/slides/36_Heat_transfer_through_a_multilayer_plane_wall_and_thermal_resistance_network.png Graphic file (type png)
<use assets/slides/36_Heat_transfer_through_a_multilayer_plane_wall_and_thermal_resistance_network.png>
Package pdftex.def Info: assets/slides/36_Heat_transfer_through_a_multilayer_plane_wall_and_thermal_resistance_network.png  used on input line 3674.
(pdftex.def)             Requested size: 182.09486pt x 237.68005pt.
 [79] [80
pdfTeX warning (ext4): destination with the same identifier (name{figure.12.6}) has been already used, duplicate ignored
<argument> ...shipout:D \box_use:N \l_shipout_box 
                                                  \__shipout_drop_firstpage_...
l.3678 \part
            {Oefeningen Warmte en Stromingen} <./assets/slides/36_Heat_transfer_through_a_multilayer_plane_wall_and_thermal_resistance_network.png>] [81

]
Chapter 13.
<assets/hydrostatica.png, id=1201, 529.98pt x 629.35126pt>
File: assets/hydrostatica.png Graphic file (type png)
<use assets/hydrostatica.png>
Package pdftex.def Info: assets/hydrostatica.png  used on input line 3707.
(pdftex.def)             Requested size: 182.09486pt x 216.23332pt.

Underfull \vbox (badness 10000) has occurred while \output is active []

 [82] [83
pdfTeX warning (ext4): destination with the same identifier (name{figure.13.1}) has been already used, duplicate ignored
<argument> ...shipout:D \box_use:N \l_shipout_box 
                                                  \__shipout_drop_firstpage_...
l.3746 ...\frac{4,5}{15} = 2,5 + 0,3 = 2,8 \, m \]
                                                   <./assets/hydrostatica.png>] [84
pdfTeX warning (ext4): destination with the same identifier (name{figure.13.2}) has been already used, duplicate ignored
<argument> ...shipout:D \box_use:N \l_shipout_box 
                                                  \__shipout_drop_firstpage_...
l.3835 \[
         ] [85] [86
pdfTeX warning (ext4): destination with the same identifier (name{figure.13.3}) has been already used, duplicate ignored
<argument> ...shipout:D \box_use:N \l_shipout_box 
                                                  \__shipout_drop_firstpage_...
l.3997 
       ]
Overfull \hbox (2.68637pt too wide) in paragraph at lines 3998--4002
[]\T1/cmr/bx/n/10.95 Oplossing: (a) Binnenlucht op $\OML/cmm/m/it/10.95 P[]$\T1/cmr/bx/n/10.95 : \T1/cmr/m/n/10.95 De netto druk is gelijk aan de (buiten) hydrostatische
 []

[87
pdfTeX warning (ext4): destination with the same identifier (name{figure.13.4}) has been already used, duplicate ignored
<argument> ...shipout:D \box_use:N \l_shipout_box 
                                                  \__shipout_drop_firstpage_...
l.4066 \]
         
pdfTeX warning (ext4): destination with the same identifier (name{figure.13.5}) has been already used, duplicate ignored
<argument> ...shipout:D \box_use:N \l_shipout_box 
                                                  \__shipout_drop_firstpage_...
l.4066 \]
         ]
Overfull \hbox (20.90547pt too wide) in paragraph at lines 4122--4124
[]\T1/cmr/bx/n/10.95 Gevraagd: \T1/cmr/m/n/10.95 (a) Resulterende hydrostatische kracht; (b) Diepte van het drukpunt; (c) Verplaatsing
 []

[88
pdfTeX warning (ext4): destination with the same identifier (name{figure.13.6}) has been already used, duplicate ignored
<argument> ...shipout:D \box_use:N \l_shipout_box 
                                                  \__shipout_drop_firstpage_...
l.4132     \item V
                  erplaatsing: $\Delta y = \frac{3{,}976 \times 10^{-4}}{4 \...]
Overfull \hbox (15.32599pt too wide) in paragraph at lines 4157--4157
|[]\T1/cmr/bx/n/14.4 Oefenzitting 3: Stromingsleer&Bernoulli en energievergelijking| 
 []


Overfull \hbox (7.9423pt too wide) in paragraph at lines 4171--4173
[]\T1/cmr/bx/n/10.95 Netto vermogen uit turbine (controlevolume): $[] \OT1/cmr/m/n/10.95 = \OML/cmm/m/it/10.95 ^^Q [] []$ 
 []


Overfull \hbox (19.87326pt too wide) in paragraph at lines 4173--4175
\T1/cmr/m/n/10.95 De som van externe krachten op een controlevolume is gelijk aan de verandering in impulsstroom. 
 []

[89]
<assets/ex_12_34.png, id=1272, 251.43938pt x 310.15875pt>
File: assets/ex_12_34.png Graphic file (type png)
<use assets/ex_12_34.png>
Package pdftex.def Info: assets/ex_12_34.png  used on input line 4250.
(pdftex.def)             Requested size: 136.57462pt x 168.4676pt.

Underfull \vbox (badness 1147) has occurred while \output is active []

 [90] [91
pdfTeX warning (ext4): destination with the same identifier (name{figure.13.7}) has been already used, duplicate ignored
<argument> ...shipout:D \box_use:N \l_shipout_box 
                                                  \__shipout_drop_firstpage_...
l.4312 \]
          <./assets/ex_12_34.png>]
Overfull \hbox (7.18677pt too wide) in paragraph at lines 4342--4344
\T1/cmr/bx/n/10.95 Gegeven: \T1/cmr/m/n/10.95 Water door turbine: drukverschil $\OT1/cmr/m/n/10.95 ^^A\OML/cmm/m/it/10.95 P \OT1/cmr/m/n/10.95 = 1[]2 \OML/cmm/m/it/10.95 m Hg \OT1/cmr/m/n/10.95 = 160[]1 \OML/cmm/m/it/10.95 kPa$\T1/cmr/m/n/10.95 . Volumestroomsnelheid
 []

[92] [93] [94]
Overfull \hbox (13.06046pt too wide) in paragraph at lines 4484--4486
[]\T1/cmr/bx/n/10.95 Gevraagd: \T1/cmr/m/n/10.95 (a) Eindtemperatuur en toestand; (b) Benodigde enthalpie; (c) Elektrisch vermogen. 
 []

[95]
<assets/compressor_exercise.png, id=1350, 240.14719pt x 312.41719pt>
File: assets/compressor_exercise.png Graphic file (type png)
<use assets/compressor_exercise.png>
Package pdftex.def Info: assets/compressor_exercise.png  used on input line 4521.
(pdftex.def)             Requested size: 182.09486pt x 236.89607pt.
 [96
pdfTeX warning (ext4): destination with the same identifier (name{figure.13.8}) has been already used, duplicate ignored
<argument> ...shipout:D \box_use:N \l_shipout_box 
                                                  \__shipout_drop_firstpage_...
l.4543 ...n = \frac{60}{60} \, kg/s = 1 \, kg/s \]
                                                   <./assets/compressor_exercise.png>]
<assets/Turbine_oefening.png, id=1358, 291.33844pt x 414.79968pt>
File: assets/Turbine_oefening.png Graphic file (type png)
<use assets/Turbine_oefening.png>
Package pdftex.def Info: assets/Turbine_oefening.png  used on input line 4593.
(pdftex.def)             Requested size: 182.09486pt x 259.26816pt.
 [97]
Overfull \hbox (2.50836pt too wide) in paragraph at lines 4606--4611
[]\T1/cmr/bx/n/10.95 Oplossing: \T1/cmr/m/n/10.95 Uit superheated gas tabellen (of gegeven): $\OML/cmm/m/it/10.95 h[] \OT1/cmr/m/n/10.95 = 3658\OML/cmm/m/it/10.95 ; \OT1/cmr/m/n/10.95 8 \OML/cmm/m/it/10.95 kJ=kg$ $h[] \OT1/cmr/m/n/10.95 = 2855\OML/cmm/m/it/10.95 ; \OT1/cmr/m/n/10.95 8 \OML/cmm/m/it/10.95 kJ=kg$
 []

[98
pdfTeX warning (ext4): destination with the same identifier (name{figure.13.9}) has been already used, duplicate ignored
<argument> ...shipout:D \box_use:N \l_shipout_box 
                                                  \__shipout_drop_firstpage_...
l.4629 \textbf{Oplossing:}
                           <./assets/Turbine_oefening.png>]
Overfull \hbox (21.47134pt too wide) in paragraph at lines 4629--4631
[]\T1/cmr/bx/n/10.95 Oplossing: \T1/cmr/m/n/10.95 Voor een wurgproces (adiabatisch, geen arbeid, verwaarloosbare kinetische/potentiële
 []

[99]
Underfull \hbox (badness 10000) in paragraph at lines 4727--4728

 []


Underfull \hbox (badness 10000) in paragraph at lines 4728--4729

 []


Underfull \hbox (badness 10000) in paragraph at lines 4729--4730

 []


Underfull \hbox (badness 10000) in paragraph at lines 4730--4731

 []


Underfull \hbox (badness 10000) in paragraph at lines 4731--4732

 []

[100] [101] [102]
Overfull \hbox (1.94617pt too wide) in paragraph at lines 4840--4842
[]\T1/cmr/bx/n/10.95 Gevraagd: \T1/cmr/m/n/10.95 (a) Enthalpieën inlaat/uitgang; (b) Thermische vermogen; (c) COP warmtepomp. 
 []


Overfull \hbox (4.87897pt too wide) in paragraph at lines 4851--4852
[]\T1/cmr/m/n/10.95 Interpretatie: Per 1 kW elektriciteit levert 2,63 kW nuttige warmte (veel beter dan elektrische
 []

[103]
Overfull \hbox (6.4406pt too wide) in paragraph at lines 4925--4926
[]\T1/cmr/m/n/10.95 Voor een reversibel proces zou gelden: $\OT1/cmr/m/n/10.95 ^^A\OML/cmm/m/it/10.95 s[] \OT1/cmr/m/n/10.95 + ^^A\OML/cmm/m/it/10.95 s[] \OT1/cmr/m/n/10.95 = 0$ \T1/cmr/m/n/10.95 (isentroop voor adiabatisch
 []


Overfull \hbox (37.83165pt too wide) detected at line 4943
\OT1/cmr/m/n/10.95 ^^A\OML/cmm/m/it/10.95 s[] \OT1/cmr/m/n/10.95 = \OML/cmm/m/it/10.95 mc [] [] \OT1/cmr/m/n/10.95 = 2 \OMS/cmsy/m/n/10.95 ^^B \OT1/cmr/m/n/10.95 0\OML/cmm/m/it/10.95 ; \OT1/cmr/m/n/10.95 45 \OMS/cmsy/m/n/10.95 ^^B [] [] \OT1/cmr/m/n/10.95 = 0\OML/cmm/m/it/10.95 ; \OT1/cmr/m/n/10.95 9 \OMS/cmsy/m/n/10.95 ^^B []\OT1/cmr/m/n/10.95 (0\OML/cmm/m/it/10.95 ; \OT1/cmr/m/n/10.95 75) \OMS/cmsy/m/n/10.95 ^^Y \OT1/cmr/m/n/10.95 0\OML/cmm/m/it/10.95 ; \OT1/cmr/m/n/10.95 9 \OMS/cmsy/m/n/10.95 ^^B \OT1/cmr/m/n/10.95 (\OMS/cmsy/m/n/10.95 ^^@\OT1/cmr/m/n/10.95 0\OML/cmm/m/it/10.95 ; \OT1/cmr/m/n/10.95 288) = \OMS/cmsy/m/n/10.95 ^^@\OT1/cmr/m/n/10.95 0\OML/cmm/m/it/10.95 ; \OT1/cmr/m/n/10.95 259 \OML/cmm/m/it/10.95 kJ=K
 []

[104] [105]
Overfull \hbox (7.02788pt too wide) in paragraph at lines 5021--5023
\T1/cmr/m/n/10.95 (20$[]$C). Het mengen van stromen met groot temperatuurverschil is inherent irreversibel en genereert
 []

[106]
Overfull \hbox (1.5344pt too wide) in paragraph at lines 5104--5107
[]\T1/cmr/m/n/10.95 Reactiewarmte (stookwaarde): $\OT1/cmr/m/n/10.95 ^^A\OML/cmm/m/it/10.95 H[] \OT1/cmr/m/n/10.95 = 44\OML/cmm/m/it/10.95 :\OT1/cmr/m/n/10.95 000 \OML/cmm/m/it/10.95 kJ=kmol$ \T1/cmr/m/n/10.95 benzine. Ingang-temperatuur: $\OML/cmm/m/it/10.95 T[] \OT1/cmr/m/n/10.95 =
 []

[107]
Overfull \hbox (8.62428pt too wide) in paragraph at lines 5129--5129
|\T1/cmr/bx/n/14.4 Oefenzitting 10: Warmteoverdracht (Geleiding, Convectie, Straling)| 
 []


pdfTeX warning (ext4): destination with the same identifier (name{opgave.13.9.1}) has been already used, duplicate ignored
<to be read again> 
                   \relax 
l.5142 \opgave{Warmtegeleiding door een Wand}
                                             
pdfTeX warning (ext4): destination with the same identifier (name{opgave.13.9.2}) has been already used, duplicate ignored
<to be read again> 
                   \relax 
l.5163 \opgave{Convectie van een Verwarmde Plaat}
                                                  [108]
pdfTeX warning (ext4): destination with the same identifier (name{opgave.13.9.3}) has been already used, duplicate ignored
<to be read again> 
                   \relax 
l.5182 \opgave{Stralings-warmteoverdracht}
                                          
pdfTeX warning (ext4): destination with the same identifier (name{opgave.13.9.4}) has been already used, duplicate ignored
<to be read again> 
                   \relax 
l.5203 ...e Warmteoverdracht - Wand met Convectie}
                                                   [109]
Overfull \hbox (20.34476pt too wide) in paragraph at lines 5234--5236
[]\T1/cmr/bx/n/10.95 Gevraagd: \T1/cmr/m/n/10.95 (a) Oppervlak draad; (b) Convectieve warmteoverdracht; (c) Oppervlak-temperatuur. 
 []


Overfull \hbox (8.83629pt too wide) in paragraph at lines 5243--5244
[]\T1/cmr/m/n/10.95 Fysische betekenis: Hoge temperatuur ontstaat omdat convectie zwak is. Hogere $\OML/cmm/m/it/10.95 h$ \T1/cmr/m/n/10.95 (ventilatie)
 []


Overfull \hbox (66.54953pt too wide) in paragraph at lines 5269--5269
|[]\T1/cmr/bx/n/14.4 Oefenzitting 11: Navier-Stokes, Moody diagram, stromingsweerstand| 
 []

[110] [111]
Overfull \hbox (10.27884pt too wide) in paragraph at lines 5336--5337
[]\T1/cmr/m/n/10.95 Dit geeft aan dat Colebrook zeer gevoelig is. Standaard berekening met simplere benaderingen
 []


Overfull \hbox (7.89218pt too wide) in paragraph at lines 5360--5360
|[]\T1/cmr/bx/n/14.4 Oefenzitting 12: Turbulentie, leidingen, uitwendige stroming,
 []

[112
pdfTeX warning (ext4): destination with the same identifier (name{figure.13.10}) has been already used, duplicate ignored
<argument> ...shipout:D \box_use:N \l_shipout_box 
                                                  \__shipout_drop_firstpage_...
l.5397 \[
         ] [113] [114]
Overfull \hbox (7.78096pt too wide) in paragraph at lines 5563--5564
\T1/cmr/m/n/10.95 reactiekrachten. Dit is cruciaal voor mechanische sterkte van leidingnetwerken, vooral in industriële
 []


Overfull \hbox (3.65964pt too wide) in paragraph at lines 5566--5567
\T1/cmr/m/n/10.95 theorie en oefeningen bent u toegerust om thermische en fluïdumtechnische systemen te analyseren. 
 []

[115]
Chapter 14.


pdfTeX warning: pdflatex (file ./Thermodynamic tables and properties.pdf): PDF inclusion: found PDF version <1.7>, but at most version <1.5> allowed
<Thermodynamic tables and properties.pdf, id=1588, 614.295pt x 794.97pt>
File: Thermodynamic tables and properties.pdf Graphic file (type pdf)
<use Thermodynamic tables and properties.pdf>
Package pdftex.def Info: Thermodynamic tables and properties.pdf  used on input line 5570.
(pdftex.def)             Requested size: 614.29349pt x 794.96806pt.


pdfTeX warning: pdflatex (file ./Thermodynamic tables and properties.pdf): PDF inclusion: found PDF version <1.7>, but at most version <1.5> allowed


pdfTeX warning: pdflatex (file ./Thermodynamic tables and properties.pdf): PDF inclusion: found PDF version <1.7>, but at most version <1.5> allowed
<Thermodynamic tables and properties.pdf, id=1590, page=1, 614.295pt x 794.97pt>
File: Thermodynamic tables and properties.pdf Graphic file (type pdf)
<use Thermodynamic tables and properties.pdf, page 1>
Package pdftex.def Info: Thermodynamic tables and properties.pdf , page1 used on input line 5570.
(pdftex.def)             Requested size: 614.29349pt x 794.96806pt.
File: Thermodynamic tables and properties.pdf Graphic file (type pdf)
<use Thermodynamic tables and properties.pdf, page 1>
Package pdftex.def Info: Thermodynamic tables and properties.pdf , page1 used on input line 5570.
(pdftex.def)             Requested size: 597.78697pt x 773.60669pt.
[116]
File: Thermodynamic tables and properties.pdf Graphic file (type pdf)
<use Thermodynamic tables and properties.pdf, page 1>
Package pdftex.def Info: Thermodynamic tables and properties.pdf , page1 used on input line 5570.
(pdftex.def)             Requested size: 597.78697pt x 773.60669pt.
File: Thermodynamic tables and properties.pdf Graphic file (type pdf)
<use Thermodynamic tables and properties.pdf, page 1>
Package pdftex.def Info: Thermodynamic tables and properties.pdf , page1 used on input line 5570.
(pdftex.def)             Requested size: 597.78697pt x 773.60669pt.
File: Thermodynamic tables and properties.pdf Graphic file (type pdf)
<use Thermodynamic tables and properties.pdf, page 1>
Package pdftex.def Info: Thermodynamic tables and properties.pdf , page1 used on input line 5570.
(pdftex.def)             Requested size: 597.78697pt x 773.60669pt.
 [117

 <./Thermodynamic tables and properties.pdf>]

pdfTeX warning: pdflatex (file ./Thermodynamic tables and properties.pdf): PDF inclusion: found PDF version <1.7>, but at most version <1.5> allowed
<Thermodynamic tables and properties.pdf, id=1601, page=2, 614.295pt x 794.97pt>
File: Thermodynamic tables and properties.pdf Graphic file (type pdf)
<use Thermodynamic tables and properties.pdf, page 2>
Package pdftex.def Info: Thermodynamic tables and properties.pdf , page2 used on input line 5570.
(pdftex.def)             Requested size: 597.78697pt x 773.60669pt.
File: Thermodynamic tables and properties.pdf Graphic file (type pdf)
<use Thermodynamic tables and properties.pdf, page 2>
Package pdftex.def Info: Thermodynamic tables and properties.pdf , page2 used on input line 5570.
(pdftex.def)             Requested size: 597.78697pt x 773.60669pt.
File: Thermodynamic tables and properties.pdf Graphic file (type pdf)
<use Thermodynamic tables and properties.pdf, page 2>
Package pdftex.def Info: Thermodynamic tables and properties.pdf , page2 used on input line 5570.
(pdftex.def)             Requested size: 597.78697pt x 773.60669pt.
[118

 <./Thermodynamic tables and properties.pdf>]

pdfTeX warning: pdflatex (file ./Thermodynamic tables and properties.pdf): PDF inclusion: found PDF version <1.7>, but at most version <1.5> allowed
<Thermodynamic tables and properties.pdf, id=1606, page=3, 614.295pt x 794.97pt>
File: Thermodynamic tables and properties.pdf Graphic file (type pdf)
<use Thermodynamic tables and properties.pdf, page 3>
Package pdftex.def Info: Thermodynamic tables and properties.pdf , page3 used on input line 5570.
(pdftex.def)             Requested size: 597.78697pt x 773.60669pt.
File: Thermodynamic tables and properties.pdf Graphic file (type pdf)
<use Thermodynamic tables and properties.pdf, page 3>
Package pdftex.def Info: Thermodynamic tables and properties.pdf , page3 used on input line 5570.
(pdftex.def)             Requested size: 597.78697pt x 773.60669pt.
File: Thermodynamic tables and properties.pdf Graphic file (type pdf)
<use Thermodynamic tables and properties.pdf, page 3>
Package pdftex.def Info: Thermodynamic tables and properties.pdf , page3 used on input line 5570.
(pdftex.def)             Requested size: 597.78697pt x 773.60669pt.
[119

 <./Thermodynamic tables and properties.pdf>]

pdfTeX warning: pdflatex (file ./Thermodynamic tables and properties.pdf): PDF inclusion: found PDF version <1.7>, but at most version <1.5> allowed
<Thermodynamic tables and properties.pdf, id=1611, page=4, 614.295pt x 794.97pt>
File: Thermodynamic tables and properties.pdf Graphic file (type pdf)
<use Thermodynamic tables and properties.pdf, page 4>
Package pdftex.def Info: Thermodynamic tables and properties.pdf , page4 used on input line 5570.
(pdftex.def)             Requested size: 597.78697pt x 773.60669pt.
File: Thermodynamic tables and properties.pdf Graphic file (type pdf)
<use Thermodynamic tables and properties.pdf, page 4>
Package pdftex.def Info: Thermodynamic tables and properties.pdf , page4 used on input line 5570.
(pdftex.def)             Requested size: 597.78697pt x 773.60669pt.
File: Thermodynamic tables and properties.pdf Graphic file (type pdf)
<use Thermodynamic tables and properties.pdf, page 4>
Package pdftex.def Info: Thermodynamic tables and properties.pdf , page4 used on input line 5570.
(pdftex.def)             Requested size: 597.78697pt x 773.60669pt.
[120

 <./Thermodynamic tables and properties.pdf>]

pdfTeX warning: pdflatex (file ./Thermodynamic tables and properties.pdf): PDF inclusion: found PDF version <1.7>, but at most version <1.5> allowed
<Thermodynamic tables and properties.pdf, id=1616, page=5, 614.295pt x 794.97pt>
File: Thermodynamic tables and properties.pdf Graphic file (type pdf)
<use Thermodynamic tables and properties.pdf, page 5>
Package pdftex.def Info: Thermodynamic tables and properties.pdf , page5 used on input line 5570.
(pdftex.def)             Requested size: 597.78697pt x 773.60669pt.
File: Thermodynamic tables and properties.pdf Graphic file (type pdf)
<use Thermodynamic tables and properties.pdf, page 5>
Package pdftex.def Info: Thermodynamic tables and properties.pdf , page5 used on input line 5570.
(pdftex.def)             Requested size: 597.78697pt x 773.60669pt.
File: Thermodynamic tables and properties.pdf Graphic file (type pdf)
<use Thermodynamic tables and properties.pdf, page 5>
Package pdftex.def Info: Thermodynamic tables and properties.pdf , page5 used on input line 5570.
(pdftex.def)             Requested size: 597.78697pt x 773.60669pt.
[121

 <./Thermodynamic tables and properties.pdf>]

pdfTeX warning: pdflatex (file ./Thermodynamic tables and properties.pdf): PDF inclusion: found PDF version <1.7>, but at most version <1.5> allowed
<Thermodynamic tables and properties.pdf, id=1622, page=6, 614.295pt x 794.97pt>
File: Thermodynamic tables and properties.pdf Graphic file (type pdf)
<use Thermodynamic tables and properties.pdf, page 6>
Package pdftex.def Info: Thermodynamic tables and properties.pdf , page6 used on input line 5570.
(pdftex.def)             Requested size: 597.78697pt x 773.60669pt.
File: Thermodynamic tables and properties.pdf Graphic file (type pdf)
<use Thermodynamic tables and properties.pdf, page 6>
Package pdftex.def Info: Thermodynamic tables and properties.pdf , page6 used on input line 5570.
(pdftex.def)             Requested size: 597.78697pt x 773.60669pt.
File: Thermodynamic tables and properties.pdf Graphic file (type pdf)
<use Thermodynamic tables and properties.pdf, page 6>
Package pdftex.def Info: Thermodynamic tables and properties.pdf , page6 used on input line 5570.
(pdftex.def)             Requested size: 597.78697pt x 773.60669pt.
[122

 <./Thermodynamic tables and properties.pdf>]

pdfTeX warning: pdflatex (file ./Thermodynamic tables and properties.pdf): PDF inclusion: found PDF version <1.7>, but at most version <1.5> allowed
<Thermodynamic tables and properties.pdf, id=1627, page=7, 614.295pt x 794.97pt>
File: Thermodynamic tables and properties.pdf Graphic file (type pdf)
<use Thermodynamic tables and properties.pdf, page 7>
Package pdftex.def Info: Thermodynamic tables and properties.pdf , page7 used on input line 5570.
(pdftex.def)             Requested size: 597.78697pt x 773.60669pt.
File: Thermodynamic tables and properties.pdf Graphic file (type pdf)
<use Thermodynamic tables and properties.pdf, page 7>
Package pdftex.def Info: Thermodynamic tables and properties.pdf , page7 used on input line 5570.
(pdftex.def)             Requested size: 597.78697pt x 773.60669pt.
File: Thermodynamic tables and properties.pdf Graphic file (type pdf)
<use Thermodynamic tables and properties.pdf, page 7>
Package pdftex.def Info: Thermodynamic tables and properties.pdf , page7 used on input line 5570.
(pdftex.def)             Requested size: 597.78697pt x 773.60669pt.
[123

 <./Thermodynamic tables and properties.pdf>]

pdfTeX warning: pdflatex (file ./Thermodynamic tables and properties.pdf): PDF inclusion: found PDF version <1.7>, but at most version <1.5> allowed
<Thermodynamic tables and properties.pdf, id=1632, page=8, 614.295pt x 794.97pt>
File: Thermodynamic tables and properties.pdf Graphic file (type pdf)
<use Thermodynamic tables and properties.pdf, page 8>
Package pdftex.def Info: Thermodynamic tables and properties.pdf , page8 used on input line 5570.
(pdftex.def)             Requested size: 597.78697pt x 773.60669pt.
File: Thermodynamic tables and properties.pdf Graphic file (type pdf)
<use Thermodynamic tables and properties.pdf, page 8>
Package pdftex.def Info: Thermodynamic tables and properties.pdf , page8 used on input line 5570.
(pdftex.def)             Requested size: 597.78697pt x 773.60669pt.
File: Thermodynamic tables and properties.pdf Graphic file (type pdf)
<use Thermodynamic tables and properties.pdf, page 8>
Package pdftex.def Info: Thermodynamic tables and properties.pdf , page8 used on input line 5570.
(pdftex.def)             Requested size: 597.78697pt x 773.60669pt.
[124

 <./Thermodynamic tables and properties.pdf>]

pdfTeX warning: pdflatex (file ./Thermodynamic tables and properties.pdf): PDF inclusion: found PDF version <1.7>, but at most version <1.5> allowed
<Thermodynamic tables and properties.pdf, id=1637, page=9, 614.295pt x 794.97pt>
File: Thermodynamic tables and properties.pdf Graphic file (type pdf)
<use Thermodynamic tables and properties.pdf, page 9>
Package pdftex.def Info: Thermodynamic tables and properties.pdf , page9 used on input line 5570.
(pdftex.def)             Requested size: 597.78697pt x 773.60669pt.
File: Thermodynamic tables and properties.pdf Graphic file (type pdf)
<use Thermodynamic tables and properties.pdf, page 9>
Package pdftex.def Info: Thermodynamic tables and properties.pdf , page9 used on input line 5570.
(pdftex.def)             Requested size: 597.78697pt x 773.60669pt.
File: Thermodynamic tables and properties.pdf Graphic file (type pdf)
<use Thermodynamic tables and properties.pdf, page 9>
Package pdftex.def Info: Thermodynamic tables and properties.pdf , page9 used on input line 5570.
(pdftex.def)             Requested size: 597.78697pt x 773.60669pt.
[125

 <./Thermodynamic tables and properties.pdf>]

pdfTeX warning: pdflatex (file ./Thermodynamic tables and properties.pdf): PDF inclusion: found PDF version <1.7>, but at most version <1.5> allowed
<Thermodynamic tables and properties.pdf, id=1642, page=10, 614.295pt x 794.97pt>
File: Thermodynamic tables and properties.pdf Graphic file (type pdf)
<use Thermodynamic tables and properties.pdf, page 10>
Package pdftex.def Info: Thermodynamic tables and properties.pdf , page10 used on input line 5570.
(pdftex.def)             Requested size: 597.78697pt x 773.60669pt.
File: Thermodynamic tables and properties.pdf Graphic file (type pdf)
<use Thermodynamic tables and properties.pdf, page 10>
Package pdftex.def Info: Thermodynamic tables and properties.pdf , page10 used on input line 5570.
(pdftex.def)             Requested size: 597.78697pt x 773.60669pt.
File: Thermodynamic tables and properties.pdf Graphic file (type pdf)
<use Thermodynamic tables and properties.pdf, page 10>
Package pdftex.def Info: Thermodynamic tables and properties.pdf , page10 used on input line 5570.
(pdftex.def)             Requested size: 597.78697pt x 773.60669pt.
[126

 <./Thermodynamic tables and properties.pdf>]

pdfTeX warning: pdflatex (file ./Thermodynamic tables and properties.pdf): PDF inclusion: found PDF version <1.7>, but at most version <1.5> allowed
<Thermodynamic tables and properties.pdf, id=1647, page=11, 614.295pt x 794.97pt>
File: Thermodynamic tables and properties.pdf Graphic file (type pdf)
<use Thermodynamic tables and properties.pdf, page 11>
Package pdftex.def Info: Thermodynamic tables and properties.pdf , page11 used on input line 5570.
(pdftex.def)             Requested size: 597.78697pt x 773.60669pt.
File: Thermodynamic tables and properties.pdf Graphic file (type pdf)
<use Thermodynamic tables and properties.pdf, page 11>
Package pdftex.def Info: Thermodynamic tables and properties.pdf , page11 used on input line 5570.
(pdftex.def)             Requested size: 597.78697pt x 773.60669pt.
File: Thermodynamic tables and properties.pdf Graphic file (type pdf)
<use Thermodynamic tables and properties.pdf, page 11>
Package pdftex.def Info: Thermodynamic tables and properties.pdf , page11 used on input line 5570.
(pdftex.def)             Requested size: 597.78697pt x 773.60669pt.
[127

 <./Thermodynamic tables and properties.pdf>]

pdfTeX warning: pdflatex (file ./Thermodynamic tables and properties.pdf): PDF inclusion: found PDF version <1.7>, but at most version <1.5> allowed
<Thermodynamic tables and properties.pdf, id=1653, page=12, 614.295pt x 794.97pt>
File: Thermodynamic tables and properties.pdf Graphic file (type pdf)
<use Thermodynamic tables and properties.pdf, page 12>
Package pdftex.def Info: Thermodynamic tables and properties.pdf , page12 used on input line 5570.
(pdftex.def)             Requested size: 597.78697pt x 773.60669pt.
File: Thermodynamic tables and properties.pdf Graphic file (type pdf)
<use Thermodynamic tables and properties.pdf, page 12>
Package pdftex.def Info: Thermodynamic tables and properties.pdf , page12 used on input line 5570.
(pdftex.def)             Requested size: 597.78697pt x 773.60669pt.
File: Thermodynamic tables and properties.pdf Graphic file (type pdf)
<use Thermodynamic tables and properties.pdf, page 12>
Package pdftex.def Info: Thermodynamic tables and properties.pdf , page12 used on input line 5570.
(pdftex.def)             Requested size: 597.78697pt x 773.60669pt.
[128

 <./Thermodynamic tables and properties.pdf>]

pdfTeX warning: pdflatex (file ./Thermodynamic tables and properties.pdf): PDF inclusion: found PDF version <1.7>, but at most version <1.5> allowed
<Thermodynamic tables and properties.pdf, id=1658, page=13, 614.295pt x 794.97pt>
File: Thermodynamic tables and properties.pdf Graphic file (type pdf)
<use Thermodynamic tables and properties.pdf, page 13>
Package pdftex.def Info: Thermodynamic tables and properties.pdf , page13 used on input line 5570.
(pdftex.def)             Requested size: 597.78697pt x 773.60669pt.
File: Thermodynamic tables and properties.pdf Graphic file (type pdf)
<use Thermodynamic tables and properties.pdf, page 13>
Package pdftex.def Info: Thermodynamic tables and properties.pdf , page13 used on input line 5570.
(pdftex.def)             Requested size: 597.78697pt x 773.60669pt.
File: Thermodynamic tables and properties.pdf Graphic file (type pdf)
<use Thermodynamic tables and properties.pdf, page 13>
Package pdftex.def Info: Thermodynamic tables and properties.pdf , page13 used on input line 5570.
(pdftex.def)             Requested size: 597.78697pt x 773.60669pt.
[129

 <./Thermodynamic tables and properties.pdf>]

pdfTeX warning: pdflatex (file ./Thermodynamic tables and properties.pdf): PDF inclusion: found PDF version <1.7>, but at most version <1.5> allowed
<Thermodynamic tables and properties.pdf, id=1663, page=14, 614.295pt x 794.97pt>
File: Thermodynamic tables and properties.pdf Graphic file (type pdf)
<use Thermodynamic tables and properties.pdf, page 14>
Package pdftex.def Info: Thermodynamic tables and properties.pdf , page14 used on input line 5570.
(pdftex.def)             Requested size: 597.78697pt x 773.60669pt.
File: Thermodynamic tables and properties.pdf Graphic file (type pdf)
<use Thermodynamic tables and properties.pdf, page 14>
Package pdftex.def Info: Thermodynamic tables and properties.pdf , page14 used on input line 5570.
(pdftex.def)             Requested size: 597.78697pt x 773.60669pt.
File: Thermodynamic tables and properties.pdf Graphic file (type pdf)
<use Thermodynamic tables and properties.pdf, page 14>
Package pdftex.def Info: Thermodynamic tables and properties.pdf , page14 used on input line 5570.
(pdftex.def)             Requested size: 597.78697pt x 773.60669pt.
[130

 <./Thermodynamic tables and properties.pdf>]

pdfTeX warning: pdflatex (file ./Thermodynamic tables and properties.pdf): PDF inclusion: found PDF version <1.7>, but at most version <1.5> allowed
<Thermodynamic tables and properties.pdf, id=1668, page=15, 614.295pt x 794.97pt>
File: Thermodynamic tables and properties.pdf Graphic file (type pdf)
<use Thermodynamic tables and properties.pdf, page 15>
Package pdftex.def Info: Thermodynamic tables and properties.pdf , page15 used on input line 5570.
(pdftex.def)             Requested size: 597.78697pt x 773.60669pt.
File: Thermodynamic tables and properties.pdf Graphic file (type pdf)
<use Thermodynamic tables and properties.pdf, page 15>
Package pdftex.def Info: Thermodynamic tables and properties.pdf , page15 used on input line 5570.
(pdftex.def)             Requested size: 597.78697pt x 773.60669pt.
File: Thermodynamic tables and properties.pdf Graphic file (type pdf)
<use Thermodynamic tables and properties.pdf, page 15>
Package pdftex.def Info: Thermodynamic tables and properties.pdf , page15 used on input line 5570.
(pdftex.def)             Requested size: 597.78697pt x 773.60669pt.
[131

 <./Thermodynamic tables and properties.pdf>]

pdfTeX warning: pdflatex (file ./Thermodynamic tables and properties.pdf): PDF inclusion: found PDF version <1.7>, but at most version <1.5> allowed
<Thermodynamic tables and properties.pdf, id=1673, page=16, 614.295pt x 794.97pt>
File: Thermodynamic tables and properties.pdf Graphic file (type pdf)
<use Thermodynamic tables and properties.pdf, page 16>
Package pdftex.def Info: Thermodynamic tables and properties.pdf , page16 used on input line 5570.
(pdftex.def)             Requested size: 597.78697pt x 773.60669pt.
File: Thermodynamic tables and properties.pdf Graphic file (type pdf)
<use Thermodynamic tables and properties.pdf, page 16>
Package pdftex.def Info: Thermodynamic tables and properties.pdf , page16 used on input line 5570.
(pdftex.def)             Requested size: 597.78697pt x 773.60669pt.
File: Thermodynamic tables and properties.pdf Graphic file (type pdf)
<use Thermodynamic tables and properties.pdf, page 16>
Package pdftex.def Info: Thermodynamic tables and properties.pdf , page16 used on input line 5570.
(pdftex.def)             Requested size: 597.78697pt x 773.60669pt.
[132

 <./Thermodynamic tables and properties.pdf>]

pdfTeX warning: pdflatex (file ./Thermodynamic tables and properties.pdf): PDF inclusion: found PDF version <1.7>, but at most version <1.5> allowed
<Thermodynamic tables and properties.pdf, id=1678, page=17, 614.295pt x 794.97pt>
File: Thermodynamic tables and properties.pdf Graphic file (type pdf)
<use Thermodynamic tables and properties.pdf, page 17>
Package pdftex.def Info: Thermodynamic tables and properties.pdf , page17 used on input line 5570.
(pdftex.def)             Requested size: 597.78697pt x 773.60669pt.
File: Thermodynamic tables and properties.pdf Graphic file (type pdf)
<use Thermodynamic tables and properties.pdf, page 17>
Package pdftex.def Info: Thermodynamic tables and properties.pdf , page17 used on input line 5570.
(pdftex.def)             Requested size: 597.78697pt x 773.60669pt.
File: Thermodynamic tables and properties.pdf Graphic file (type pdf)
<use Thermodynamic tables and properties.pdf, page 17>
Package pdftex.def Info: Thermodynamic tables and properties.pdf , page17 used on input line 5570.
(pdftex.def)             Requested size: 597.78697pt x 773.60669pt.
[133

 <./Thermodynamic tables and properties.pdf>]

pdfTeX warning: pdflatex (file ./Thermodynamic tables and properties.pdf): PDF inclusion: found PDF version <1.7>, but at most version <1.5> allowed
<Thermodynamic tables and properties.pdf, id=1684, page=18, 614.295pt x 794.97pt>
File: Thermodynamic tables and properties.pdf Graphic file (type pdf)
<use Thermodynamic tables and properties.pdf, page 18>
Package pdftex.def Info: Thermodynamic tables and properties.pdf , page18 used on input line 5570.
(pdftex.def)             Requested size: 597.78697pt x 773.60669pt.
File: Thermodynamic tables and properties.pdf Graphic file (type pdf)
<use Thermodynamic tables and properties.pdf, page 18>
Package pdftex.def Info: Thermodynamic tables and properties.pdf , page18 used on input line 5570.
(pdftex.def)             Requested size: 597.78697pt x 773.60669pt.
File: Thermodynamic tables and properties.pdf Graphic file (type pdf)
<use Thermodynamic tables and properties.pdf, page 18>
Package pdftex.def Info: Thermodynamic tables and properties.pdf , page18 used on input line 5570.
(pdftex.def)             Requested size: 597.78697pt x 773.60669pt.
[134

 <./Thermodynamic tables and properties.pdf>]

pdfTeX warning: pdflatex (file ./Thermodynamic tables and properties.pdf): PDF inclusion: found PDF version <1.7>, but at most version <1.5> allowed
<Thermodynamic tables and properties.pdf, id=1689, page=19, 614.295pt x 794.97pt>
File: Thermodynamic tables and properties.pdf Graphic file (type pdf)
<use Thermodynamic tables and properties.pdf, page 19>
Package pdftex.def Info: Thermodynamic tables and properties.pdf , page19 used on input line 5570.
(pdftex.def)             Requested size: 597.78697pt x 773.60669pt.
File: Thermodynamic tables and properties.pdf Graphic file (type pdf)
<use Thermodynamic tables and properties.pdf, page 19>
Package pdftex.def Info: Thermodynamic tables and properties.pdf , page19 used on input line 5570.
(pdftex.def)             Requested size: 597.78697pt x 773.60669pt.
File: Thermodynamic tables and properties.pdf Graphic file (type pdf)
<use Thermodynamic tables and properties.pdf, page 19>
Package pdftex.def Info: Thermodynamic tables and properties.pdf , page19 used on input line 5570.
(pdftex.def)             Requested size: 597.78697pt x 773.60669pt.
[135

 <./Thermodynamic tables and properties.pdf>]

pdfTeX warning: pdflatex (file ./Thermodynamic tables and properties.pdf): PDF inclusion: found PDF version <1.7>, but at most version <1.5> allowed
<Thermodynamic tables and properties.pdf, id=1694, page=20, 614.295pt x 794.97pt>
File: Thermodynamic tables and properties.pdf Graphic file (type pdf)
<use Thermodynamic tables and properties.pdf, page 20>
Package pdftex.def Info: Thermodynamic tables and properties.pdf , page20 used on input line 5570.
(pdftex.def)             Requested size: 597.78697pt x 773.60669pt.
File: Thermodynamic tables and properties.pdf Graphic file (type pdf)
<use Thermodynamic tables and properties.pdf, page 20>
Package pdftex.def Info: Thermodynamic tables and properties.pdf , page20 used on input line 5570.
(pdftex.def)             Requested size: 597.78697pt x 773.60669pt.
File: Thermodynamic tables and properties.pdf Graphic file (type pdf)
<use Thermodynamic tables and properties.pdf, page 20>
Package pdftex.def Info: Thermodynamic tables and properties.pdf , page20 used on input line 5570.
(pdftex.def)             Requested size: 597.78697pt x 773.60669pt.
[136

 <./Thermodynamic tables and properties.pdf>]

pdfTeX warning: pdflatex (file ./Thermodynamic tables and properties.pdf): PDF inclusion: found PDF version <1.7>, but at most version <1.5> allowed
<Thermodynamic tables and properties.pdf, id=1699, page=21, 614.295pt x 794.97pt>
File: Thermodynamic tables and properties.pdf Graphic file (type pdf)
<use Thermodynamic tables and properties.pdf, page 21>
Package pdftex.def Info: Thermodynamic tables and properties.pdf , page21 used on input line 5570.
(pdftex.def)             Requested size: 597.78697pt x 773.60669pt.
File: Thermodynamic tables and properties.pdf Graphic file (type pdf)
<use Thermodynamic tables and properties.pdf, page 21>
Package pdftex.def Info: Thermodynamic tables and properties.pdf , page21 used on input line 5570.
(pdftex.def)             Requested size: 597.78697pt x 773.60669pt.
File: Thermodynamic tables and properties.pdf Graphic file (type pdf)
<use Thermodynamic tables and properties.pdf, page 21>
Package pdftex.def Info: Thermodynamic tables and properties.pdf , page21 used on input line 5570.
(pdftex.def)             Requested size: 597.78697pt x 773.60669pt.
[137

 <./Thermodynamic tables and properties.pdf>]

pdfTeX warning: pdflatex (file ./Thermodynamic tables and properties.pdf): PDF inclusion: found PDF version <1.7>, but at most version <1.5> allowed
<Thermodynamic tables and properties.pdf, id=1704, page=22, 614.295pt x 794.97pt>
File: Thermodynamic tables and properties.pdf Graphic file (type pdf)
<use Thermodynamic tables and properties.pdf, page 22>
Package pdftex.def Info: Thermodynamic tables and properties.pdf , page22 used on input line 5570.
(pdftex.def)             Requested size: 597.78697pt x 773.60669pt.
File: Thermodynamic tables and properties.pdf Graphic file (type pdf)
<use Thermodynamic tables and properties.pdf, page 22>
Package pdftex.def Info: Thermodynamic tables and properties.pdf , page22 used on input line 5570.
(pdftex.def)             Requested size: 597.78697pt x 773.60669pt.
File: Thermodynamic tables and properties.pdf Graphic file (type pdf)
<use Thermodynamic tables and properties.pdf, page 22>
Package pdftex.def Info: Thermodynamic tables and properties.pdf , page22 used on input line 5570.
(pdftex.def)             Requested size: 597.78697pt x 773.60669pt.
[138

 <./Thermodynamic tables and properties.pdf>]

pdfTeX warning: pdflatex (file ./Thermodynamic tables and properties.pdf): PDF inclusion: found PDF version <1.7>, but at most version <1.5> allowed
<Thermodynamic tables and properties.pdf, id=1709, page=23, 614.295pt x 794.97pt>
File: Thermodynamic tables and properties.pdf Graphic file (type pdf)
<use Thermodynamic tables and properties.pdf, page 23>
Package pdftex.def Info: Thermodynamic tables and properties.pdf , page23 used on input line 5570.
(pdftex.def)             Requested size: 597.78697pt x 773.60669pt.
File: Thermodynamic tables and properties.pdf Graphic file (type pdf)
<use Thermodynamic tables and properties.pdf, page 23>
Package pdftex.def Info: Thermodynamic tables and properties.pdf , page23 used on input line 5570.
(pdftex.def)             Requested size: 597.78697pt x 773.60669pt.
File: Thermodynamic tables and properties.pdf Graphic file (type pdf)
<use Thermodynamic tables and properties.pdf, page 23>
Package pdftex.def Info: Thermodynamic tables and properties.pdf , page23 used on input line 5570.
(pdftex.def)             Requested size: 597.78697pt x 773.60669pt.
[139

 <./Thermodynamic tables and properties.pdf>]

pdfTeX warning: pdflatex (file ./Thermodynamic tables and properties.pdf): PDF inclusion: found PDF version <1.7>, but at most version <1.5> allowed
<Thermodynamic tables and properties.pdf, id=1715, page=24, 614.295pt x 794.97pt>
File: Thermodynamic tables and properties.pdf Graphic file (type pdf)
<use Thermodynamic tables and properties.pdf, page 24>
Package pdftex.def Info: Thermodynamic tables and properties.pdf , page24 used on input line 5570.
(pdftex.def)             Requested size: 597.78697pt x 773.60669pt.
File: Thermodynamic tables and properties.pdf Graphic file (type pdf)
<use Thermodynamic tables and properties.pdf, page 24>
Package pdftex.def Info: Thermodynamic tables and properties.pdf , page24 used on input line 5570.
(pdftex.def)             Requested size: 597.78697pt x 773.60669pt.
File: Thermodynamic tables and properties.pdf Graphic file (type pdf)
<use Thermodynamic tables and properties.pdf, page 24>
Package pdftex.def Info: Thermodynamic tables and properties.pdf , page24 used on input line 5570.
(pdftex.def)             Requested size: 597.78697pt x 773.60669pt.
[140

 <./Thermodynamic tables and properties.pdf>]

pdfTeX warning: pdflatex (file ./Thermodynamic tables and properties.pdf): PDF inclusion: found PDF version <1.7>, but at most version <1.5> allowed
<Thermodynamic tables and properties.pdf, id=1720, page=25, 614.295pt x 794.97pt>
File: Thermodynamic tables and properties.pdf Graphic file (type pdf)
<use Thermodynamic tables and properties.pdf, page 25>
Package pdftex.def Info: Thermodynamic tables and properties.pdf , page25 used on input line 5570.
(pdftex.def)             Requested size: 597.78697pt x 773.60669pt.
File: Thermodynamic tables and properties.pdf Graphic file (type pdf)
<use Thermodynamic tables and properties.pdf, page 25>
Package pdftex.def Info: Thermodynamic tables and properties.pdf , page25 used on input line 5570.
(pdftex.def)             Requested size: 597.78697pt x 773.60669pt.
File: Thermodynamic tables and properties.pdf Graphic file (type pdf)
<use Thermodynamic tables and properties.pdf, page 25>
Package pdftex.def Info: Thermodynamic tables and properties.pdf , page25 used on input line 5570.
(pdftex.def)             Requested size: 597.78697pt x 773.60669pt.
[141

 <./Thermodynamic tables and properties.pdf>]

pdfTeX warning: pdflatex (file ./Thermodynamic tables and properties.pdf): PDF inclusion: found PDF version <1.7>, but at most version <1.5> allowed
<Thermodynamic tables and properties.pdf, id=1725, page=26, 614.295pt x 794.97pt>
File: Thermodynamic tables and properties.pdf Graphic file (type pdf)
<use Thermodynamic tables and properties.pdf, page 26>
Package pdftex.def Info: Thermodynamic tables and properties.pdf , page26 used on input line 5570.
(pdftex.def)             Requested size: 597.78697pt x 773.60669pt.
File: Thermodynamic tables and properties.pdf Graphic file (type pdf)
<use Thermodynamic tables and properties.pdf, page 26>
Package pdftex.def Info: Thermodynamic tables and properties.pdf , page26 used on input line 5570.
(pdftex.def)             Requested size: 597.78697pt x 773.60669pt.
File: Thermodynamic tables and properties.pdf Graphic file (type pdf)
<use Thermodynamic tables and properties.pdf, page 26>
Package pdftex.def Info: Thermodynamic tables and properties.pdf , page26 used on input line 5570.
(pdftex.def)             Requested size: 597.78697pt x 773.60669pt.
[142

 <./Thermodynamic tables and properties.pdf>]

pdfTeX warning: pdflatex (file ./Thermodynamic tables and properties.pdf): PDF inclusion: found PDF version <1.7>, but at most version <1.5> allowed
<Thermodynamic tables and properties.pdf, id=1730, page=27, 614.295pt x 794.97pt>
File: Thermodynamic tables and properties.pdf Graphic file (type pdf)
<use Thermodynamic tables and properties.pdf, page 27>
Package pdftex.def Info: Thermodynamic tables and properties.pdf , page27 used on input line 5570.
(pdftex.def)             Requested size: 597.78697pt x 773.60669pt.
File: Thermodynamic tables and properties.pdf Graphic file (type pdf)
<use Thermodynamic tables and properties.pdf, page 27>
Package pdftex.def Info: Thermodynamic tables and properties.pdf , page27 used on input line 5570.
(pdftex.def)             Requested size: 597.78697pt x 773.60669pt.
File: Thermodynamic tables and properties.pdf Graphic file (type pdf)
<use Thermodynamic tables and properties.pdf, page 27>
Package pdftex.def Info: Thermodynamic tables and properties.pdf , page27 used on input line 5570.
(pdftex.def)             Requested size: 597.78697pt x 773.60669pt.
[143

 <./Thermodynamic tables and properties.pdf>]

pdfTeX warning: pdflatex (file ./Thermodynamic tables and properties.pdf): PDF inclusion: found PDF version <1.7>, but at most version <1.5> allowed
<Thermodynamic tables and properties.pdf, id=1735, page=28, 614.295pt x 794.97pt>
File: Thermodynamic tables and properties.pdf Graphic file (type pdf)
<use Thermodynamic tables and properties.pdf, page 28>
Package pdftex.def Info: Thermodynamic tables and properties.pdf , page28 used on input line 5570.
(pdftex.def)             Requested size: 597.78697pt x 773.60669pt.
File: Thermodynamic tables and properties.pdf Graphic file (type pdf)
<use Thermodynamic tables and properties.pdf, page 28>
Package pdftex.def Info: Thermodynamic tables and properties.pdf , page28 used on input line 5570.
(pdftex.def)             Requested size: 597.78697pt x 773.60669pt.
File: Thermodynamic tables and properties.pdf Graphic file (type pdf)
<use Thermodynamic tables and properties.pdf, page 28>
Package pdftex.def Info: Thermodynamic tables and properties.pdf , page28 used on input line 5570.
(pdftex.def)             Requested size: 597.78697pt x 773.60669pt.
[144

 <./Thermodynamic tables and properties.pdf>]

pdfTeX warning: pdflatex (file ./Thermodynamic tables and properties.pdf): PDF inclusion: found PDF version <1.7>, but at most version <1.5> allowed
<Thermodynamic tables and properties.pdf, id=1740, page=29, 614.295pt x 794.97pt>
File: Thermodynamic tables and properties.pdf Graphic file (type pdf)
<use Thermodynamic tables and properties.pdf, page 29>
Package pdftex.def Info: Thermodynamic tables and properties.pdf , page29 used on input line 5570.
(pdftex.def)             Requested size: 597.78697pt x 773.60669pt.
File: Thermodynamic tables and properties.pdf Graphic file (type pdf)
<use Thermodynamic tables and properties.pdf, page 29>
Package pdftex.def Info: Thermodynamic tables and properties.pdf , page29 used on input line 5570.
(pdftex.def)             Requested size: 597.78697pt x 773.60669pt.
File: Thermodynamic tables and properties.pdf Graphic file (type pdf)
<use Thermodynamic tables and properties.pdf, page 29>
Package pdftex.def Info: Thermodynamic tables and properties.pdf , page29 used on input line 5570.
(pdftex.def)             Requested size: 597.78697pt x 773.60669pt.
[145

 <./Thermodynamic tables and properties.pdf>]

pdfTeX warning: pdflatex (file ./Thermodynamic tables and properties.pdf): PDF inclusion: found PDF version <1.7>, but at most version <1.5> allowed
<Thermodynamic tables and properties.pdf, id=1746, page=30, 614.295pt x 794.97pt>
File: Thermodynamic tables and properties.pdf Graphic file (type pdf)
<use Thermodynamic tables and properties.pdf, page 30>
Package pdftex.def Info: Thermodynamic tables and properties.pdf , page30 used on input line 5570.
(pdftex.def)             Requested size: 597.78697pt x 773.60669pt.
File: Thermodynamic tables and properties.pdf Graphic file (type pdf)
<use Thermodynamic tables and properties.pdf, page 30>
Package pdftex.def Info: Thermodynamic tables and properties.pdf , page30 used on input line 5570.
(pdftex.def)             Requested size: 597.78697pt x 773.60669pt.
File: Thermodynamic tables and properties.pdf Graphic file (type pdf)
<use Thermodynamic tables and properties.pdf, page 30>
Package pdftex.def Info: Thermodynamic tables and properties.pdf , page30 used on input line 5570.
(pdftex.def)             Requested size: 597.78697pt x 773.60669pt.
[146

 <./Thermodynamic tables and properties.pdf>]

pdfTeX warning: pdflatex (file ./Thermodynamic tables and properties.pdf): PDF inclusion: found PDF version <1.7>, but at most version <1.5> allowed
<Thermodynamic tables and properties.pdf, id=1751, page=31, 614.295pt x 794.97pt>
File: Thermodynamic tables and properties.pdf Graphic file (type pdf)
<use Thermodynamic tables and properties.pdf, page 31>
Package pdftex.def Info: Thermodynamic tables and properties.pdf , page31 used on input line 5570.
(pdftex.def)             Requested size: 597.78697pt x 773.60669pt.
File: Thermodynamic tables and properties.pdf Graphic file (type pdf)
<use Thermodynamic tables and properties.pdf, page 31>
Package pdftex.def Info: Thermodynamic tables and properties.pdf , page31 used on input line 5570.
(pdftex.def)             Requested size: 597.78697pt x 773.60669pt.
File: Thermodynamic tables and properties.pdf Graphic file (type pdf)
<use Thermodynamic tables and properties.pdf, page 31>
Package pdftex.def Info: Thermodynamic tables and properties.pdf , page31 used on input line 5570.
(pdftex.def)             Requested size: 597.78697pt x 773.60669pt.
[147

 <./Thermodynamic tables and properties.pdf>]

pdfTeX warning: pdflatex (file ./Thermodynamic tables and properties.pdf): PDF inclusion: found PDF version <1.7>, but at most version <1.5> allowed
<Thermodynamic tables and properties.pdf, id=1756, page=32, 614.295pt x 794.97pt>
File: Thermodynamic tables and properties.pdf Graphic file (type pdf)
<use Thermodynamic tables and properties.pdf, page 32>
Package pdftex.def Info: Thermodynamic tables and properties.pdf , page32 used on input line 5570.
(pdftex.def)             Requested size: 597.78697pt x 773.60669pt.
File: Thermodynamic tables and properties.pdf Graphic file (type pdf)
<use Thermodynamic tables and properties.pdf, page 32>
Package pdftex.def Info: Thermodynamic tables and properties.pdf , page32 used on input line 5570.
(pdftex.def)             Requested size: 597.78697pt x 773.60669pt.
File: Thermodynamic tables and properties.pdf Graphic file (type pdf)
<use Thermodynamic tables and properties.pdf, page 32>
Package pdftex.def Info: Thermodynamic tables and properties.pdf , page32 used on input line 5570.
(pdftex.def)             Requested size: 597.78697pt x 773.60669pt.
[148

 <./Thermodynamic tables and properties.pdf>]

pdfTeX warning: pdflatex (file ./Thermodynamic tables and properties.pdf): PDF inclusion: found PDF version <1.7>, but at most version <1.5> allowed
<Thermodynamic tables and properties.pdf, id=1761, page=33, 614.295pt x 794.97pt>
File: Thermodynamic tables and properties.pdf Graphic file (type pdf)
<use Thermodynamic tables and properties.pdf, page 33>
Package pdftex.def Info: Thermodynamic tables and properties.pdf , page33 used on input line 5570.
(pdftex.def)             Requested size: 597.78697pt x 773.60669pt.
File: Thermodynamic tables and properties.pdf Graphic file (type pdf)
<use Thermodynamic tables and properties.pdf, page 33>
Package pdftex.def Info: Thermodynamic tables and properties.pdf , page33 used on input line 5570.
(pdftex.def)             Requested size: 597.78697pt x 773.60669pt.
File: Thermodynamic tables and properties.pdf Graphic file (type pdf)
<use Thermodynamic tables and properties.pdf, page 33>
Package pdftex.def Info: Thermodynamic tables and properties.pdf , page33 used on input line 5570.
(pdftex.def)             Requested size: 597.78697pt x 773.60669pt.
[149

 <./Thermodynamic tables and properties.pdf>]

pdfTeX warning: pdflatex (file ./Thermodynamic tables and properties.pdf): PDF inclusion: found PDF version <1.7>, but at most version <1.5> allowed
<Thermodynamic tables and properties.pdf, id=1766, page=34, 614.295pt x 794.97pt>
File: Thermodynamic tables and properties.pdf Graphic file (type pdf)
<use Thermodynamic tables and properties.pdf, page 34>
Package pdftex.def Info: Thermodynamic tables and properties.pdf , page34 used on input line 5570.
(pdftex.def)             Requested size: 597.78697pt x 773.60669pt.
File: Thermodynamic tables and properties.pdf Graphic file (type pdf)
<use Thermodynamic tables and properties.pdf, page 34>
Package pdftex.def Info: Thermodynamic tables and properties.pdf , page34 used on input line 5570.
(pdftex.def)             Requested size: 597.78697pt x 773.60669pt.
File: Thermodynamic tables and properties.pdf Graphic file (type pdf)
<use Thermodynamic tables and properties.pdf, page 34>
Package pdftex.def Info: Thermodynamic tables and properties.pdf , page34 used on input line 5570.
(pdftex.def)             Requested size: 597.78697pt x 773.60669pt.
[150

 <./Thermodynamic tables and properties.pdf>]

pdfTeX warning: pdflatex (file ./Thermodynamic tables and properties.pdf): PDF inclusion: found PDF version <1.7>, but at most version <1.5> allowed
<Thermodynamic tables and properties.pdf, id=1771, page=35, 614.295pt x 794.97pt>
File: Thermodynamic tables and properties.pdf Graphic file (type pdf)
<use Thermodynamic tables and properties.pdf, page 35>
Package pdftex.def Info: Thermodynamic tables and properties.pdf , page35 used on input line 5570.
(pdftex.def)             Requested size: 597.78697pt x 773.60669pt.
File: Thermodynamic tables and properties.pdf Graphic file (type pdf)
<use Thermodynamic tables and properties.pdf, page 35>
Package pdftex.def Info: Thermodynamic tables and properties.pdf , page35 used on input line 5570.
(pdftex.def)             Requested size: 597.78697pt x 773.60669pt.
File: Thermodynamic tables and properties.pdf Graphic file (type pdf)
<use Thermodynamic tables and properties.pdf, page 35>
Package pdftex.def Info: Thermodynamic tables and properties.pdf , page35 used on input line 5570.
(pdftex.def)             Requested size: 597.78697pt x 773.60669pt.
[151

 <./Thermodynamic tables and properties.pdf>]

pdfTeX warning: pdflatex (file ./Thermodynamic tables and properties.pdf): PDF inclusion: found PDF version <1.7>, but at most version <1.5> allowed
<Thermodynamic tables and properties.pdf, id=1777, page=36, 614.295pt x 794.97pt>
File: Thermodynamic tables and properties.pdf Graphic file (type pdf)
<use Thermodynamic tables and properties.pdf, page 36>
Package pdftex.def Info: Thermodynamic tables and properties.pdf , page36 used on input line 5570.
(pdftex.def)             Requested size: 597.78697pt x 773.60669pt.
File: Thermodynamic tables and properties.pdf Graphic file (type pdf)
<use Thermodynamic tables and properties.pdf, page 36>
Package pdftex.def Info: Thermodynamic tables and properties.pdf , page36 used on input line 5570.
(pdftex.def)             Requested size: 597.78697pt x 773.60669pt.
File: Thermodynamic tables and properties.pdf Graphic file (type pdf)
<use Thermodynamic tables and properties.pdf, page 36>
Package pdftex.def Info: Thermodynamic tables and properties.pdf , page36 used on input line 5570.
(pdftex.def)             Requested size: 597.78697pt x 773.60669pt.
[152

 <./Thermodynamic tables and properties.pdf>]

pdfTeX warning: pdflatex (file ./Thermodynamic tables and properties.pdf): PDF inclusion: found PDF version <1.7>, but at most version <1.5> allowed
<Thermodynamic tables and properties.pdf, id=1782, page=37, 614.295pt x 794.97pt>
File: Thermodynamic tables and properties.pdf Graphic file (type pdf)
<use Thermodynamic tables and properties.pdf, page 37>
Package pdftex.def Info: Thermodynamic tables and properties.pdf , page37 used on input line 5570.
(pdftex.def)             Requested size: 597.78697pt x 773.60669pt.
File: Thermodynamic tables and properties.pdf Graphic file (type pdf)
<use Thermodynamic tables and properties.pdf, page 37>
Package pdftex.def Info: Thermodynamic tables and properties.pdf , page37 used on input line 5570.
(pdftex.def)             Requested size: 597.78697pt x 773.60669pt.
File: Thermodynamic tables and properties.pdf Graphic file (type pdf)
<use Thermodynamic tables and properties.pdf, page 37>
Package pdftex.def Info: Thermodynamic tables and properties.pdf , page37 used on input line 5570.
(pdftex.def)             Requested size: 597.78697pt x 773.60669pt.
[153

 <./Thermodynamic tables and properties.pdf>]

pdfTeX warning: pdflatex (file ./Thermodynamic tables and properties.pdf): PDF inclusion: found PDF version <1.7>, but at most version <1.5> allowed
<Thermodynamic tables and properties.pdf, id=1787, page=38, 614.295pt x 794.97pt>
File: Thermodynamic tables and properties.pdf Graphic file (type pdf)
<use Thermodynamic tables and properties.pdf, page 38>
Package pdftex.def Info: Thermodynamic tables and properties.pdf , page38 used on input line 5570.
(pdftex.def)             Requested size: 597.78697pt x 773.60669pt.
File: Thermodynamic tables and properties.pdf Graphic file (type pdf)
<use Thermodynamic tables and properties.pdf, page 38>
Package pdftex.def Info: Thermodynamic tables and properties.pdf , page38 used on input line 5570.
(pdftex.def)             Requested size: 597.78697pt x 773.60669pt.
File: Thermodynamic tables and properties.pdf Graphic file (type pdf)
<use Thermodynamic tables and properties.pdf, page 38>
Package pdftex.def Info: Thermodynamic tables and properties.pdf , page38 used on input line 5570.
(pdftex.def)             Requested size: 597.78697pt x 773.60669pt.
[154

 <./Thermodynamic tables and properties.pdf>]

pdfTeX warning: pdflatex (file ./Thermodynamic tables and properties.pdf): PDF inclusion: found PDF version <1.7>, but at most version <1.5> allowed
<Thermodynamic tables and properties.pdf, id=1792, page=39, 614.295pt x 794.97pt>
File: Thermodynamic tables and properties.pdf Graphic file (type pdf)
<use Thermodynamic tables and properties.pdf, page 39>
Package pdftex.def Info: Thermodynamic tables and properties.pdf , page39 used on input line 5570.
(pdftex.def)             Requested size: 597.78697pt x 773.60669pt.
File: Thermodynamic tables and properties.pdf Graphic file (type pdf)
<use Thermodynamic tables and properties.pdf, page 39>
Package pdftex.def Info: Thermodynamic tables and properties.pdf , page39 used on input line 5570.
(pdftex.def)             Requested size: 597.78697pt x 773.60669pt.
File: Thermodynamic tables and properties.pdf Graphic file (type pdf)
<use Thermodynamic tables and properties.pdf, page 39>
Package pdftex.def Info: Thermodynamic tables and properties.pdf , page39 used on input line 5570.
(pdftex.def)             Requested size: 597.78697pt x 773.60669pt.
[155

 <./Thermodynamic tables and properties.pdf>]

pdfTeX warning: pdflatex (file ./Thermodynamic tables and properties.pdf): PDF inclusion: found PDF version <1.7>, but at most version <1.5> allowed
<Thermodynamic tables and properties.pdf, id=1797, page=40, 614.295pt x 794.97pt>
File: Thermodynamic tables and properties.pdf Graphic file (type pdf)
<use Thermodynamic tables and properties.pdf, page 40>
Package pdftex.def Info: Thermodynamic tables and properties.pdf , page40 used on input line 5570.
(pdftex.def)             Requested size: 597.78697pt x 773.60669pt.
File: Thermodynamic tables and properties.pdf Graphic file (type pdf)
<use Thermodynamic tables and properties.pdf, page 40>
Package pdftex.def Info: Thermodynamic tables and properties.pdf , page40 used on input line 5570.
(pdftex.def)             Requested size: 597.78697pt x 773.60669pt.
File: Thermodynamic tables and properties.pdf Graphic file (type pdf)
<use Thermodynamic tables and properties.pdf, page 40>
Package pdftex.def Info: Thermodynamic tables and properties.pdf , page40 used on input line 5570.
(pdftex.def)             Requested size: 597.78697pt x 773.60669pt.
[156

 <./Thermodynamic tables and properties.pdf>]

pdfTeX warning: pdflatex (file ./Thermodynamic tables and properties.pdf): PDF inclusion: found PDF version <1.7>, but at most version <1.5> allowed
<Thermodynamic tables and properties.pdf, id=1802, page=41, 614.295pt x 794.97pt>
File: Thermodynamic tables and properties.pdf Graphic file (type pdf)
<use Thermodynamic tables and properties.pdf, page 41>
Package pdftex.def Info: Thermodynamic tables and properties.pdf , page41 used on input line 5570.
(pdftex.def)             Requested size: 597.78697pt x 773.60669pt.
File: Thermodynamic tables and properties.pdf Graphic file (type pdf)
<use Thermodynamic tables and properties.pdf, page 41>
Package pdftex.def Info: Thermodynamic tables and properties.pdf , page41 used on input line 5570.
(pdftex.def)             Requested size: 597.78697pt x 773.60669pt.
File: Thermodynamic tables and properties.pdf Graphic file (type pdf)
<use Thermodynamic tables and properties.pdf, page 41>
Package pdftex.def Info: Thermodynamic tables and properties.pdf , page41 used on input line 5570.
(pdftex.def)             Requested size: 597.78697pt x 773.60669pt.
[157

 <./Thermodynamic tables and properties.pdf>]

pdfTeX warning: pdflatex (file ./Thermodynamic tables and properties.pdf): PDF inclusion: found PDF version <1.7>, but at most version <1.5> allowed
<Thermodynamic tables and properties.pdf, id=1808, page=42, 614.295pt x 794.97pt>
File: Thermodynamic tables and properties.pdf Graphic file (type pdf)
<use Thermodynamic tables and properties.pdf, page 42>
Package pdftex.def Info: Thermodynamic tables and properties.pdf , page42 used on input line 5570.
(pdftex.def)             Requested size: 597.78697pt x 773.60669pt.
File: Thermodynamic tables and properties.pdf Graphic file (type pdf)
<use Thermodynamic tables and properties.pdf, page 42>
Package pdftex.def Info: Thermodynamic tables and properties.pdf , page42 used on input line 5570.
(pdftex.def)             Requested size: 597.78697pt x 773.60669pt.
File: Thermodynamic tables and properties.pdf Graphic file (type pdf)
<use Thermodynamic tables and properties.pdf, page 42>
Package pdftex.def Info: Thermodynamic tables and properties.pdf , page42 used on input line 5570.
(pdftex.def)             Requested size: 597.78697pt x 773.60669pt.
[158

 <./Thermodynamic tables and properties.pdf>]

pdfTeX warning: pdflatex (file ./Thermodynamic tables and properties.pdf): PDF inclusion: found PDF version <1.7>, but at most version <1.5> allowed
<Thermodynamic tables and properties.pdf, id=1813, page=43, 614.295pt x 794.97pt>
File: Thermodynamic tables and properties.pdf Graphic file (type pdf)
<use Thermodynamic tables and properties.pdf, page 43>
Package pdftex.def Info: Thermodynamic tables and properties.pdf , page43 used on input line 5570.
(pdftex.def)             Requested size: 597.78697pt x 773.60669pt.
File: Thermodynamic tables and properties.pdf Graphic file (type pdf)
<use Thermodynamic tables and properties.pdf, page 43>
Package pdftex.def Info: Thermodynamic tables and properties.pdf , page43 used on input line 5570.
(pdftex.def)             Requested size: 597.78697pt x 773.60669pt.
File: Thermodynamic tables and properties.pdf Graphic file (type pdf)
<use Thermodynamic tables and properties.pdf, page 43>
Package pdftex.def Info: Thermodynamic tables and properties.pdf , page43 used on input line 5570.
(pdftex.def)             Requested size: 597.78697pt x 773.60669pt.
[159

 <./Thermodynamic tables and properties.pdf>]

pdfTeX warning: pdflatex (file ./Thermodynamic tables and properties.pdf): PDF inclusion: found PDF version <1.7>, but at most version <1.5> allowed
<Thermodynamic tables and properties.pdf, id=1818, page=44, 614.295pt x 794.97pt>
File: Thermodynamic tables and properties.pdf Graphic file (type pdf)
<use Thermodynamic tables and properties.pdf, page 44>
Package pdftex.def Info: Thermodynamic tables and properties.pdf , page44 used on input line 5570.
(pdftex.def)             Requested size: 597.78697pt x 773.60669pt.
File: Thermodynamic tables and properties.pdf Graphic file (type pdf)
<use Thermodynamic tables and properties.pdf, page 44>
Package pdftex.def Info: Thermodynamic tables and properties.pdf , page44 used on input line 5570.
(pdftex.def)             Requested size: 597.78697pt x 773.60669pt.
File: Thermodynamic tables and properties.pdf Graphic file (type pdf)
<use Thermodynamic tables and properties.pdf, page 44>
Package pdftex.def Info: Thermodynamic tables and properties.pdf , page44 used on input line 5570.
(pdftex.def)             Requested size: 597.78697pt x 773.60669pt.
[160

 <./Thermodynamic tables and properties.pdf>]
Overfull \hbox (48.31981pt too wide) in paragraph at lines 5574--5582
 [][] 
 []

Package microtype Info: Loading generic protrusion settings for font family
(microtype)             `cmtt' (encoding: T1).
(microtype)             For optimal results, create family-specific settings.
(microtype)             See the microtype manual for details.

Overfull \hbox (135.09206pt too wide) in paragraph at lines 5592--5593
[]\T1/cmr/m/n/10.95 Meerkeuzevragen Thermo, [][]$\T1/cmtt/m/n/10.95 https : / / drive . google . com / open ? id = 1lxMZjQMHufqMOW5fe86Rk0IvT8AmGgEeLlQJ5k5YsNs$[][] 
 []

[161] (Warmte en stromingen Samenvatting Ruben Ryckaert.aux)
 ***********
LaTeX2e <2025-11-01>
L3 programming layer <2025-11-06>
 ***********
Package rerunfilecheck Info: File `"Warmte en stromingen Samenvatting Ruben Ryckaert".out' has not changed.
(rerunfilecheck)             Checksum: D5A9C3F0018C2402CDE30059CCCD5668;24470.
 )
(\end occurred inside a group at level 1)

### semi simple group (level 1) entered at line 3188 (\begingroup)
### bottom level 
Here is how much of TeX's memory you used:
 29249 strings out of 467871
 547048 string characters out of 5428442
 974053 words of memory out of 5000000
 56991 multiletter control sequences out of 15000+600000
 654625 words of font info for 106 fonts, out of 8000000 for 9000
 1141 hyphenation exceptions out of 8191
 84i,17n,94p,1049b,1099s stack positions out of 10000i,1000n,20000p,200000b,200000s
 <C:\Users\ruben\AppData\Local\MiKTeX\fonts/pk/ljfour/jknappen/ec/dpi600\ectt1095.pk> <C:\Users\ruben\AppData\Local\MiKTeX\fonts/pk/ljfour/jknappen/ec/dpi600\tcrm0800.pk> <C:\Users\ruben\AppData\Local\MiKTeX\fonts/pk/ljfour/jknappen/ec/dpi600\ecrm0600.pk> <C:\Users\ruben\AppData\Local\MiKTeX\fonts/pk/ljfour/jknappen/ec/dpi600\ecrm0800.pk> <C:\Users\ruben\AppData\Local\MiKTeX\fonts/pk/ljfour/jknappen/ec/dpi600\ecti1095.pk> <C:\Users\ruben\AppData\Local\MiKTeX\fonts/pk/ljfour/jknappen/ec/dpi600\tcrm1095.pk> <C:\Users\ruben\AppData\Local\MiKTeX\fonts/pk/ljfour/jknappen/ec/dpi600\ecbx2488.pk> <C:\Users\ruben\AppData\Local\MiKTeX\fonts/pk/ljfour/jknappen/ec/dpi600\ecrm0900.pk> <C:\Users\ruben\AppData\Local\MiKTeX\fonts/pk/ljfour/jknappen/ec/dpi600\ecbx1440.pk> <C:\Users\ruben\AppData\Local\MiKTeX\fonts/pk/ljfour/jknappen/ec/dpi600\ecrm1000.pk> <C:\Users\ruben\AppData\Local\MiKTeX\fonts/pk/ljfour/jknappen/ec/dpi600\ecbx1000.pk> <C:\Users\ruben\AppData\Local\MiKTeX\fonts/pk/ljfour/jknappen/ec/dpi600\ecrm1095.pk> <C:\Users\ruben\AppData\Local\MiKTeX\fonts/pk/ljfour/jknappen/ec/dpi600\ecbx1200.pk> <C:\Users\ruben\AppData\Local\MiKTeX\fonts/pk/ljfour/jknappen/ec/dpi600\ecbx1095.pk> <C:\Users\ruben\AppData\Local\MiKTeX\fonts/pk/ljfour/jknappen/ec/dpi600\ecbx2074.pk> <C:\Users\ruben\AppData\Local\MiKTeX\fonts/pk/ljfour/jknappen/ec/dpi600\ecrm1200.pk> <C:\Users\ruben\AppData\Local\MiKTeX\fonts/pk/ljfour/jknappen/ec/dpi600\ecbx1728.pk><C:/Program Files/MiKTeX/fonts/type1/public/amsfonts/cm/cmbx10.pfb><C:/Program Files/MiKTeX/fonts/type1/public/amsfonts/cm/cmex10.pfb><C:/Program Files/MiKTeX/fonts/type1/public/amsfonts/cm/cmmi10.pfb><C:/Program Files/MiKTeX/fonts/type1/public/amsfonts/cm/cmmi12.pfb><C:/Program Files/MiKTeX/fonts/type1/public/amsfonts/cm/cmmi6.pfb><C:/Program Files/MiKTeX/fonts/type1/public/amsfonts/cm/cmmi7.pfb><C:/Program Files/MiKTeX/fonts/type1/public/amsfonts/cm/cmmi8.pfb><C:/Program Files/MiKTeX/fonts/type1/public/amsfonts/cm/cmmi9.pfb><C:/Program Files/MiKTeX/fonts/type1/public/amsfonts/cm/cmr10.pfb><C:/Program Files/MiKTeX/fonts/type1/public/amsfonts/cm/cmr6.pfb><C:/Program Files/MiKTeX/fonts/type1/public/amsfonts/cm/cmr7.pfb><C:/Program Files/MiKTeX/fonts/type1/public/amsfonts/cm/cmr8.pfb><C:/Program Files/MiKTeX/fonts/type1/public/amsfonts/cm/cmr9.pfb><C:/Program Files/MiKTeX/fonts/type1/public/amsfonts/cm/cmsy10.pfb><C:/Program Files/MiKTeX/fonts/type1/public/amsfonts/cm/cmsy6.pfb><C:/Program Files/MiKTeX/fonts/type1/public/amsfonts/cm/cmsy7.pfb><C:/Program Files/MiKTeX/fonts/type1/public/amsfonts/cm/cmsy8.pfb>
Output written on "Warmte en stromingen Samenvatting Ruben Ryckaert.pdf" (161 pages, 41395605 bytes).
PDF statistics:
 2790 PDF objects out of 2984 (max. 8388607)
 659 named destinations out of 1000 (max. 500000)
 19277 words of extra memory for PDF output out of 20736 (max. 10000000)

